year,category,value,unit,scenario,figure_type
2025,BTX Extraction,0.058244542124387406,MtCO2_per_yr,shaheen_ncc_elec_flat_coupled,stacked_area
2026,BTX Extraction,0.03448289207141187,MtCO2_per_yr,shaheen_ncc_elec_flat_coupled,stacked_area
2027,BTX Extraction,0.033049537264812336,MtCO2_per_yr,shaheen_ncc_elec_flat_coupled,stacked_area
2028,BTX Extraction,0.0316161824582128,MtCO2_per_yr,shaheen_ncc_elec_flat_coupled,stacked_area
2029,BTX Extraction,0.03018282765161326,MtCO2_per_yr,shaheen_ncc_elec_flat_coupled,stacked_area
2030,BTX Extraction,0.02874947284501372,MtCO2_per_yr,shaheen_ncc_elec_flat_coupled,stacked_area
2031,BTX Extraction,0.02760443653399455,MtCO2_per_yr,shaheen_ncc_elec_flat_coupled,stacked_area
2032,BTX Extraction,0.02645940022297538,MtCO2_per_yr,shaheen_ncc_elec_flat_coupled,stacked_area
2033,BTX Extraction,0.02531436391195621,MtCO2_per_yr,shaheen_ncc_elec_flat_coupled,stacked_area
2034,BTX Extraction,0.024169327600937034,MtCO2_per_yr,shaheen_ncc_elec_flat_coupled,stacked_area
2035,BTX Extraction,0.023024291289917863,MtCO2_per_yr,shaheen_ncc_elec_flat_coupled,stacked_area
2036,BTX Extraction,0.020725980996577225,MtCO2_per_yr,shaheen_ncc_elec_flat_coupled,stacked_area
2037,BTX Extraction,0.01841943303193429,MtCO2_per_yr,shaheen_ncc_elec_flat_coupled,stacked_area
2038,BTX Extraction,0.016121122738593657,MtCO2_per_yr,shaheen_ncc_elec_flat_coupled,stacked_area
2039,BTX Extraction,0.013822812445253015,MtCO2_per_yr,shaheen_ncc_elec_flat_coupled,stacked_area
2040,BTX Extraction,0.011516264480610081,MtCO2_per_yr,shaheen_ncc_elec_flat_coupled,stacked_area
2041,BTX Extraction,0.010371228169590912,MtCO2_per_yr,shaheen_ncc_elec_flat_coupled,stacked_area
2042,BTX Extraction,0.009217954187269445,MtCO2_per_yr,shaheen_ncc_elec_flat_coupled,stacked_area
2043,BTX Extraction,0.008064680204947975,MtCO2_per_yr,shaheen_ncc_elec_flat_coupled,stacked_area
2044,BTX Extraction,0.006919643893928805,MtCO2_per_yr,shaheen_ncc_elec_flat_coupled,stacked_area
2045,BTX Extraction,0.005766369911607337,MtCO2_per_yr,shaheen_ncc_elec_flat_coupled,stacked_area
2046,BTX Extraction,0.00461309592928587,MtCO2_per_yr,shaheen_ncc_elec_flat_coupled,stacked_area
2047,BTX Extraction,0.0034598219469644024,MtCO2_per_yr,shaheen_ncc_elec_flat_coupled,stacked_area
2048,BTX Extraction,0.002306547964642935,MtCO2_per_yr,shaheen_ncc_elec_flat_coupled,stacked_area
2049,BTX Extraction,0.0011532739823214675,MtCO2_per_yr,shaheen_ncc_elec_flat_coupled,stacked_area
2050,BTX Extraction,0.0,MtCO2_per_yr,shaheen_ncc_elec_flat_coupled,stacked_area
2025,BTX Plant,4.255428065767794,MtCO2_per_yr,shaheen_ncc_elec_flat_coupled,stacked_area
2026,BTX Plant,4.851272525679193,MtCO2_per_yr,shaheen_ncc_elec_flat_coupled,stacked_area
2027,BTX Plant,4.808802775725425,MtCO2_per_yr,shaheen_ncc_elec_flat_coupled,stacked_area
2028,BTX Plant,4.766333025771656,MtCO2_per_yr,shaheen_ncc_elec_flat_coupled,stacked_area
2029,BTX Plant,4.723863275817888,MtCO2_per_yr,shaheen_ncc_elec_flat_coupled,stacked_area
2030,BTX Plant,4.681393525864119,MtCO2_per_yr,shaheen_ncc_elec_flat_coupled,stacked_area
2031,BTX Plant,4.64746654170565,MtCO2_per_yr,shaheen_ncc_elec_flat_coupled,stacked_area
2032,BTX Plant,4.613539557547179,MtCO2_per_yr,shaheen_ncc_elec_flat_coupled,stacked_area
2033,BTX Plant,4.57961257338871,MtCO2_per_yr,shaheen_ncc_elec_flat_coupled,stacked_area
2034,BTX Plant,4.5456855892302395,MtCO2_per_yr,shaheen_ncc_elec_flat_coupled,stacked_area
2035,BTX Plant,4.511758605071769,MtCO2_per_yr,shaheen_ncc_elec_flat_coupled,stacked_area
2036,BTX Plant,4.443660557732105,MtCO2_per_yr,shaheen_ncc_elec_flat_coupled,stacked_area
2037,BTX Plant,4.37531843136972,MtCO2_per_yr,shaheen_ncc_elec_flat_coupled,stacked_area
2038,BTX Plant,4.24740879380856,MtCO2_per_yr,shaheen_ncc_elec_flat_coupled,stacked_area
2039,BTX Plant,3.6418763188608905,MtCO2_per_yr,shaheen_ncc_elec_flat_coupled,stacked_area
2040,BTX Plant,3.0341734766195025,MtCO2_per_yr,shaheen_ncc_elec_flat_coupled,stacked_area
2041,BTX Plant,2.732492422792528,MtCO2_per_yr,shaheen_ncc_elec_flat_coupled,stacked_area
2042,BTX Plant,2.4286410016718336,MtCO2_per_yr,shaheen_ncc_elec_flat_coupled,stacked_area
2043,BTX Plant,2.124789580551139,MtCO2_per_yr,shaheen_ncc_elec_flat_coupled,stacked_area
2044,BTX Plant,1.8231085267241647,MtCO2_per_yr,shaheen_ncc_elec_flat_coupled,stacked_area
2045,BTX Plant,1.5192571056034705,MtCO2_per_yr,shaheen_ncc_elec_flat_coupled,stacked_area
2046,BTX Plant,1.2154056844827763,MtCO2_per_yr,shaheen_ncc_elec_flat_coupled,stacked_area
2047,BTX Plant,0.9115542633620822,MtCO2_per_yr,shaheen_ncc_elec_flat_coupled,stacked_area
2048,BTX Plant,0.6077028422413882,MtCO2_per_yr,shaheen_ncc_elec_flat_coupled,stacked_area
2049,BTX Plant,0.3038514211206941,MtCO2_per_yr,shaheen_ncc_elec_flat_coupled,stacked_area
2050,BTX Plant,0.0,MtCO2_per_yr,shaheen_ncc_elec_flat_coupled,stacked_area
2025,Extraction,0.3107481442601701,MtCO2_per_yr,shaheen_ncc_elec_flat_coupled,stacked_area
2026,Extraction,0.20007103936438475,MtCO2_per_yr,shaheen_ncc_elec_flat_coupled,stacked_area
2027,Extraction,0.19175466075726508,MtCO2_per_yr,shaheen_ncc_elec_flat_coupled,stacked_area
2028,Extraction,0.18343828215014538,MtCO2_per_yr,shaheen_ncc_elec_flat_coupled,stacked_area
2029,Extraction,0.17512190354302573,MtCO2_per_yr,shaheen_ncc_elec_flat_coupled,stacked_area
2030,Extraction,0.16680552493590606,MtCO2_per_yr,shaheen_ncc_elec_flat_coupled,stacked_area
2031,Extraction,0.16016198110608057,MtCO2_per_yr,shaheen_ncc_elec_flat_coupled,stacked_area
2032,Extraction,0.15351843727625508,MtCO2_per_yr,shaheen_ncc_elec_flat_coupled,stacked_area
2033,Extraction,0.1468748934464296,MtCO2_per_yr,shaheen_ncc_elec_flat_coupled,stacked_area
2034,Extraction,0.1402313496166041,MtCO2_per_yr,shaheen_ncc_elec_flat_coupled,stacked_area
2035,Extraction,0.13358780578677865,MtCO2_per_yr,shaheen_ncc_elec_flat_coupled,stacked_area
2036,Extraction,0.1202529228477764,MtCO2_per_yr,shaheen_ncc_elec_flat_coupled,stacked_area
2037,Extraction,0.1068702446294229,MtCO2_per_yr,shaheen_ncc_elec_flat_coupled,stacked_area
2038,Extraction,0.09353536169042069,MtCO2_per_yr,shaheen_ncc_elec_flat_coupled,stacked_area
2039,Extraction,0.08020047875141845,MtCO2_per_yr,shaheen_ncc_elec_flat_coupled,stacked_area
2040,Extraction,0.06681780053306495,MtCO2_per_yr,shaheen_ncc_elec_flat_coupled,stacked_area
2041,Extraction,0.06017425670323946,MtCO2_per_yr,shaheen_ncc_elec_flat_coupled,stacked_area
2042,Extraction,0.05348291759406272,MtCO2_per_yr,shaheen_ncc_elec_flat_coupled,stacked_area
2043,Extraction,0.04679157848488597,MtCO2_per_yr,shaheen_ncc_elec_flat_coupled,stacked_area
2044,Extraction,0.04014803465506049,MtCO2_per_yr,shaheen_ncc_elec_flat_coupled,stacked_area
2045,Extraction,0.03345669554588374,MtCO2_per_yr,shaheen_ncc_elec_flat_coupled,stacked_area
2046,Extraction,0.026765356436706987,MtCO2_per_yr,shaheen_ncc_elec_flat_coupled,stacked_area
2047,Extraction,0.020074017327530246,MtCO2_per_yr,shaheen_ncc_elec_flat_coupled,stacked_area
2048,Extraction,0.013382678218353494,MtCO2_per_yr,shaheen_ncc_elec_flat_coupled,stacked_area
2049,Extraction,0.006691339109176747,MtCO2_per_yr,shaheen_ncc_elec_flat_coupled,stacked_area
2050,Extraction,0.0,MtCO2_per_yr,shaheen_ncc_elec_flat_coupled,stacked_area
2025,Naphtha Cracker,40.16324319318627,MtCO2_per_yr,shaheen_ncc_elec_flat_coupled,stacked_area
2026,Naphtha Cracker,46.11933805154672,MtCO2_per_yr,shaheen_ncc_elec_flat_coupled,stacked_area
2027,Naphtha Cracker,46.050946430929244,MtCO2_per_yr,shaheen_ncc_elec_flat_coupled,stacked_area
2028,Naphtha Cracker,45.98255481031176,MtCO2_per_yr,shaheen_ncc_elec_flat_coupled,stacked_area
2029,Naphtha Cracker,45.63110017635797,MtCO2_per_yr,shaheen_ncc_elec_flat_coupled,stacked_area
2030,Naphtha Cracker,44.316401187921485,MtCO2_per_yr,shaheen_ncc_elec_flat_coupled,stacked_area
2031,Naphtha Cracker,43.26615314543488,MtCO2_per_yr,shaheen_ncc_elec_flat_coupled,stacked_area
2032,Naphtha Cracker,41.65948653315947,MtCO2_per_yr,shaheen_ncc_elec_flat_coupled,stacked_area
2033,Naphtha Cracker,39.869094286789114,MtCO2_per_yr,shaheen_ncc_elec_flat_coupled,stacked_area
2034,Naphtha Cracker,38.078702040418754,MtCO2_per_yr,shaheen_ncc_elec_flat_coupled,stacked_area
2035,Naphtha Cracker,36.28830979404839,MtCO2_per_yr,shaheen_ncc_elec_flat_coupled,stacked_area
2036,Naphtha Cracker,32.694644781549606,MtCO2_per_yr,shaheen_ncc_elec_flat_coupled,stacked_area
2037,Naphtha Cracker,29.088099249292764,MtCO2_per_yr,shaheen_ncc_elec_flat_coupled,stacked_area
2038,Naphtha Cracker,25.482869541523712,MtCO2_per_yr,shaheen_ncc_elec_flat_coupled,stacked_area
2039,Naphtha Cracker,21.849900404024932,MtCO2_per_yr,shaheen_ncc_elec_flat_coupled,stacked_area
2040,Naphtha Cracker,18.20390987176809,MtCO2_per_yr,shaheen_ncc_elec_flat_coupled,stacked_area
2041,Naphtha Cracker,16.39393600039773,MtCO2_per_yr,shaheen_ncc_elec_flat_coupled,stacked_area
2042,Naphtha Cracker,14.570940734269309,MtCO2_per_yr,shaheen_ncc_elec_flat_coupled,stacked_area
2043,Naphtha Cracker,12.747945468140887,MtCO2_per_yr,shaheen_ncc_elec_flat_coupled,stacked_area
2044,Naphtha Cracker,10.937971596770527,MtCO2_per_yr,shaheen_ncc_elec_flat_coupled,stacked_area
2045,Naphtha Cracker,9.114976330642106,MtCO2_per_yr,shaheen_ncc_elec_flat_coupled,stacked_area
2046,Naphtha Cracker,7.291981064513684,MtCO2_per_yr,shaheen_ncc_elec_flat_coupled,stacked_area
2047,Naphtha Cracker,5.468985798385264,MtCO2_per_yr,shaheen_ncc_elec_flat_coupled,stacked_area
2048,Naphtha Cracker,3.645990532256842,MtCO2_per_yr,shaheen_ncc_elec_flat_coupled,stacked_area
2049,Naphtha Cracker,1.822995266128421,MtCO2_per_yr,shaheen_ncc_elec_flat_coupled,stacked_area
2050,Naphtha Cracker,0.0,MtCO2_per_yr,shaheen_ncc_elec_flat_coupled,stacked_area
2025,Polymerization,0.37646399813717746,MtCO2_per_yr,shaheen_ncc_elec_flat_coupled,stacked_area
2026,Polymerization,0.4156559726221464,MtCO2_per_yr,shaheen_ncc_elec_flat_coupled,stacked_area
2027,Polymerization,0.39837834738653877,MtCO2_per_yr,shaheen_ncc_elec_flat_coupled,stacked_area
2028,Polymerization,0.38110072215093116,MtCO2_per_yr,shaheen_ncc_elec_flat_coupled,stacked_area
2029,Polymerization,0.3638230969153235,MtCO2_per_yr,shaheen_ncc_elec_flat_coupled,stacked_area
2030,Polymerization,0.3465454716797159,MtCO2_per_yr,shaheen_ncc_elec_flat_coupled,stacked_area
2031,Polymerization,0.33274323083058116,MtCO2_per_yr,shaheen_ncc_elec_flat_coupled,stacked_area
2032,Polymerization,0.3189409899814463,MtCO2_per_yr,shaheen_ncc_elec_flat_coupled,stacked_area
2033,Polymerization,0.3051387491323115,MtCO2_per_yr,shaheen_ncc_elec_flat_coupled,stacked_area
2034,Polymerization,0.2913365082831767,MtCO2_per_yr,shaheen_ncc_elec_flat_coupled,stacked_area
2035,Polymerization,0.2775342674340419,MtCO2_per_yr,shaheen_ncc_elec_flat_coupled,stacked_area
2036,Polymerization,0.24983048903901584,MtCO2_per_yr,shaheen_ncc_elec_flat_coupled,stacked_area
2037,Polymerization,0.22202741394723347,MtCO2_per_yr,shaheen_ncc_elec_flat_coupled,stacked_area
2038,Polymerization,0.1943236355522075,MtCO2_per_yr,shaheen_ncc_elec_flat_coupled,stacked_area
2039,Polymerization,0.16661985715718147,MtCO2_per_yr,shaheen_ncc_elec_flat_coupled,stacked_area
2040,Polymerization,0.1388167820653991,MtCO2_per_yr,shaheen_ncc_elec_flat_coupled,stacked_area
2041,Polymerization,0.1250145412162643,MtCO2_per_yr,shaheen_ncc_elec_flat_coupled,stacked_area
2042,Polymerization,0.11111300367037309,MtCO2_per_yr,shaheen_ncc_elec_flat_coupled,stacked_area
2043,Polymerization,0.09721146612448194,MtCO2_per_yr,shaheen_ncc_elec_flat_coupled,stacked_area
2044,Polymerization,0.08340922527534711,MtCO2_per_yr,shaheen_ncc_elec_flat_coupled,stacked_area
2045,Polymerization,0.06950768772945592,MtCO2_per_yr,shaheen_ncc_elec_flat_coupled,stacked_area
2046,Polymerization,0.05560615018356473,MtCO2_per_yr,shaheen_ncc_elec_flat_coupled,stacked_area
2047,Polymerization,0.04170461263767355,MtCO2_per_yr,shaheen_ncc_elec_flat_coupled,stacked_area
2048,Polymerization,0.027803075091782366,MtCO2_per_yr,shaheen_ncc_elec_flat_coupled,stacked_area
2049,Polymerization,0.013901537545891183,MtCO2_per_yr,shaheen_ncc_elec_flat_coupled,stacked_area
2050,Polymerization,0.0,MtCO2_per_yr,shaheen_ncc_elec_flat_coupled,stacked_area
2025,Utility,14.083236532567492,MtCO2_per_yr,shaheen_ncc_elec_flat_coupled,stacked_area
2026,Utility,15.549378978010697,MtCO2_per_yr,shaheen_ncc_elec_flat_coupled,stacked_area
2027,Utility,14.903035943568781,MtCO2_per_yr,shaheen_ncc_elec_flat_coupled,stacked_area
2028,Utility,14.256692909126864,MtCO2_per_yr,shaheen_ncc_elec_flat_coupled,stacked_area
2029,Utility,13.610349874684948,MtCO2_per_yr,shaheen_ncc_elec_flat_coupled,stacked_area
2030,Utility,12.96400684024303,MtCO2_per_yr,shaheen_ncc_elec_flat_coupled,stacked_area
2031,Utility,12.447675335717594,MtCO2_per_yr,shaheen_ncc_elec_flat_coupled,stacked_area
2032,Utility,11.931343831192155,MtCO2_per_yr,shaheen_ncc_elec_flat_coupled,stacked_area
2033,Utility,11.415012326666716,MtCO2_per_yr,shaheen_ncc_elec_flat_coupled,stacked_area
2034,Utility,10.898680822141277,MtCO2_per_yr,shaheen_ncc_elec_flat_coupled,stacked_area
2035,Utility,10.382349317615839,MtCO2_per_yr,shaheen_ncc_elec_flat_coupled,stacked_area
2036,Utility,9.34597169342449,MtCO2_per_yr,shaheen_ncc_elec_flat_coupled,stacked_area
2037,Utility,8.30587945409267,MtCO2_per_yr,shaheen_ncc_elec_flat_coupled,stacked_area
2038,Utility,7.269501829901323,MtCO2_per_yr,shaheen_ncc_elec_flat_coupled,stacked_area
2039,Utility,6.233124205709974,MtCO2_per_yr,shaheen_ncc_elec_flat_coupled,stacked_area
2040,Utility,5.193031966378154,MtCO2_per_yr,shaheen_ncc_elec_flat_coupled,stacked_area
2041,Utility,4.676700461852716,MtCO2_per_yr,shaheen_ncc_elec_flat_coupled,stacked_area
2042,Utility,4.156654342186806,MtCO2_per_yr,shaheen_ncc_elec_flat_coupled,stacked_area
2043,Utility,3.636608222520896,MtCO2_per_yr,shaheen_ncc_elec_flat_coupled,stacked_area
2044,Utility,3.120276717995458,MtCO2_per_yr,shaheen_ncc_elec_flat_coupled,stacked_area
2045,Utility,2.6002305983295484,MtCO2_per_yr,shaheen_ncc_elec_flat_coupled,stacked_area
2046,Utility,2.0801844786636385,MtCO2_per_yr,shaheen_ncc_elec_flat_coupled,stacked_area
2047,Utility,1.560138358997729,MtCO2_per_yr,shaheen_ncc_elec_flat_coupled,stacked_area
2048,Utility,1.0400922393318193,MtCO2_per_yr,shaheen_ncc_elec_flat_coupled,stacked_area
2049,Utility,0.5200461196659096,MtCO2_per_yr,shaheen_ncc_elec_flat_coupled,stacked_area
2050,Utility,0.0,MtCO2_per_yr,shaheen_ncc_elec_flat_coupled,stacked_area
