year,category,value,unit,panel,figure_type
2025,Baseline,100.0,pct,A,stacked_area_pct
2026,Baseline,71.92450225257957,pct,A,stacked_area_pct
2027,Baseline,69.73550356052898,pct,A,stacked_area_pct
2028,Baseline,66.54737683476239,pct,A,stacked_area_pct
2029,Baseline,13.31383519837233,pct,A,stacked_area_pct
2030,Baseline,9.562563580874874,pct,A,stacked_area_pct
2031,Baseline,0.16531027466937942,pct,A,stacked_area_pct
2032,Baseline,0.16531027466937942,pct,A,stacked_area_pct
2033,Baseline,0.0,pct,A,stacked_area_pct
2034,Baseline,0.0,pct,A,stacked_area_pct
2035,Baseline,0.0,pct,A,stacked_area_pct
2036,Baseline,0.0,pct,A,stacked_area_pct
2037,Baseline,0.0,pct,A,stacked_area_pct
2038,Baseline,0.0,pct,A,stacked_area_pct
2039,Baseline,0.0,pct,A,stacked_area_pct
2040,Baseline,0.0,pct,A,stacked_area_pct
2041,Baseline,0.0,pct,A,stacked_area_pct
2042,Baseline,0.0,pct,A,stacked_area_pct
2043,Baseline,0.0,pct,A,stacked_area_pct
2044,Baseline,0.0,pct,A,stacked_area_pct
2045,Baseline,0.0,pct,A,stacked_area_pct
2046,Baseline,0.0,pct,A,stacked_area_pct
2047,Baseline,0.0,pct,A,stacked_area_pct
2048,Baseline,0.0,pct,A,stacked_area_pct
2049,Baseline,0.0,pct,A,stacked_area_pct
2050,Baseline,0.0,pct,A,stacked_area_pct
2025,NCC-H2,0.0,pct,A,stacked_area_pct
2026,NCC-H2,28.07549774742043,pct,A,stacked_area_pct
2027,NCC-H2,30.264496439471007,pct,A,stacked_area_pct
2028,NCC-H2,33.45262316523761,pct,A,stacked_area_pct
2029,NCC-H2,36.68616480162767,pct,A,stacked_area_pct
2030,NCC-H2,40.43743641912513,pct,A,stacked_area_pct
2031,NCC-H2,49.83468972533062,pct,A,stacked_area_pct
2032,NCC-H2,49.83468972533062,pct,A,stacked_area_pct
2033,NCC-H2,50.0,pct,A,stacked_area_pct
2034,NCC-H2,50.0,pct,A,stacked_area_pct
2035,NCC-H2,50.0,pct,A,stacked_area_pct
2036,NCC-H2,50.0,pct,A,stacked_area_pct
2037,NCC-H2,50.0,pct,A,stacked_area_pct
2038,NCC-H2,50.0,pct,A,stacked_area_pct
2039,NCC-H2,50.0,pct,A,stacked_area_pct
2040,NCC-H2,50.0,pct,A,stacked_area_pct
2041,NCC-H2,50.0,pct,A,stacked_area_pct
2042,NCC-H2,50.0,pct,A,stacked_area_pct
2043,NCC-H2,50.0,pct,A,stacked_area_pct
2044,NCC-H2,50.0,pct,A,stacked_area_pct
2045,NCC-H2,50.0,pct,A,stacked_area_pct
2046,NCC-H2,50.0,pct,A,stacked_area_pct
2047,NCC-H2,50.0,pct,A,stacked_area_pct
2048,NCC-H2,50.0,pct,A,stacked_area_pct
2049,NCC-H2,50.0,pct,A,stacked_area_pct
2050,NCC-H2,50.0,pct,A,stacked_area_pct
2025,NCC-Electricity,0.0,pct,A,stacked_area_pct
2026,NCC-Electricity,0.0,pct,A,stacked_area_pct
2027,NCC-Electricity,0.0,pct,A,stacked_area_pct
2028,NCC-Electricity,0.0,pct,A,stacked_area_pct
2029,NCC-Electricity,50.0,pct,A,stacked_area_pct
2030,NCC-Electricity,50.0,pct,A,stacked_area_pct
2031,NCC-Electricity,50.0,pct,A,stacked_area_pct
2032,NCC-Electricity,50.0,pct,A,stacked_area_pct
2033,NCC-Electricity,50.0,pct,A,stacked_area_pct
2034,NCC-Electricity,50.0,pct,A,stacked_area_pct
2035,NCC-Electricity,50.0,pct,A,stacked_area_pct
2036,NCC-Electricity,50.0,pct,A,stacked_area_pct
2037,NCC-Electricity,50.0,pct,A,stacked_area_pct
2038,NCC-Electricity,50.0,pct,A,stacked_area_pct
2039,NCC-Electricity,50.0,pct,A,stacked_area_pct
2040,NCC-Electricity,50.0,pct,A,stacked_area_pct
2041,NCC-Electricity,50.0,pct,A,stacked_area_pct
2042,NCC-Electricity,50.0,pct,A,stacked_area_pct
2043,NCC-Electricity,50.0,pct,A,stacked_area_pct
2044,NCC-Electricity,50.0,pct,A,stacked_area_pct
2045,NCC-Electricity,50.0,pct,A,stacked_area_pct
2046,NCC-Electricity,50.0,pct,A,stacked_area_pct
2047,NCC-Electricity,50.0,pct,A,stacked_area_pct
2048,NCC-Electricity,50.0,pct,A,stacked_area_pct
2049,NCC-Electricity,50.0,pct,A,stacked_area_pct
2050,NCC-Electricity,50.0,pct,A,stacked_area_pct
2025,Baseline,100.0,pct,B,stacked_area_pct
2026,Baseline,100.0,pct,B,stacked_area_pct
2027,Baseline,100.0,pct,B,stacked_area_pct
2028,Baseline,100.0,pct,B,stacked_area_pct
2029,Baseline,100.0,pct,B,stacked_area_pct
2030,Baseline,100.0,pct,B,stacked_area_pct
2031,Baseline,100.0,pct,B,stacked_area_pct
2032,Baseline,50.0,pct,B,stacked_area_pct
2033,Baseline,50.0,pct,B,stacked_area_pct
2034,Baseline,50.0,pct,B,stacked_area_pct
2035,Baseline,47.31462086300796,pct,B,stacked_area_pct
2036,Baseline,45.89757017176372,pct,B,stacked_area_pct
2037,Baseline,42.06430666108085,pct,B,stacked_area_pct
2038,Baseline,39.58839547549225,pct,B,stacked_area_pct
2039,Baseline,37.3596564725597,pct,B,stacked_area_pct
2040,Baseline,34.87641390867197,pct,B,stacked_area_pct
2041,Baseline,32.91788856304985,pct,B,stacked_area_pct
2042,Baseline,27.931503979891076,pct,B,stacked_area_pct
2043,Baseline,24.44281524926686,pct,B,stacked_area_pct
2044,Baseline,18.848973607038122,pct,B,stacked_area_pct
2045,Baseline,15.769794721407623,pct,B,stacked_area_pct
2046,Baseline,9.939254294093004,pct,B,stacked_area_pct
2047,Baseline,6.566820276497695,pct,B,stacked_area_pct
2048,Baseline,3.9390448261416,pct,B,stacked_area_pct
2049,Baseline,1.2358609132802683,pct,B,stacked_area_pct
2050,Baseline,0.0,pct,B,stacked_area_pct
2025,NCC-H2,0.0,pct,B,stacked_area_pct
2026,NCC-H2,0.0,pct,B,stacked_area_pct
2027,NCC-H2,0.0,pct,B,stacked_area_pct
2028,NCC-H2,0.0,pct,B,stacked_area_pct
2029,NCC-H2,0.0,pct,B,stacked_area_pct
2030,NCC-H2,0.0,pct,B,stacked_area_pct
2031,NCC-H2,0.0,pct,B,stacked_area_pct
2032,NCC-H2,0.0,pct,B,stacked_area_pct
2033,NCC-H2,0.0,pct,B,stacked_area_pct
2034,NCC-H2,0.0,pct,B,stacked_area_pct
2035,NCC-H2,2.68537913699204,pct,B,stacked_area_pct
2036,NCC-H2,4.10242982823628,pct,B,stacked_area_pct
2037,NCC-H2,7.935693338919145,pct,B,stacked_area_pct
2038,NCC-H2,10.41160452450775,pct,B,stacked_area_pct
2039,NCC-H2,12.6403435274403,pct,B,stacked_area_pct
2040,NCC-H2,15.123586091328026,pct,B,stacked_area_pct
2041,NCC-H2,17.082111436950147,pct,B,stacked_area_pct
2042,NCC-H2,22.068496020108924,pct,B,stacked_area_pct
2043,NCC-H2,25.557184750733136,pct,B,stacked_area_pct
2044,NCC-H2,31.151026392961878,pct,B,stacked_area_pct
2045,NCC-H2,34.23020527859237,pct,B,stacked_area_pct
2046,NCC-H2,40.060745705906996,pct,B,stacked_area_pct
2047,NCC-H2,43.4331797235023,pct,B,stacked_area_pct
2048,NCC-H2,46.060955173858396,pct,B,stacked_area_pct
2049,NCC-H2,48.76413908671973,pct,B,stacked_area_pct
2050,NCC-H2,50.0,pct,B,stacked_area_pct
2025,NCC-Electricity,0.0,pct,B,stacked_area_pct
2026,NCC-Electricity,0.0,pct,B,stacked_area_pct
2027,NCC-Electricity,0.0,pct,B,stacked_area_pct
2028,NCC-Electricity,0.0,pct,B,stacked_area_pct
2029,NCC-Electricity,0.0,pct,B,stacked_area_pct
2030,NCC-Electricity,0.0,pct,B,stacked_area_pct
2031,NCC-Electricity,0.0,pct,B,stacked_area_pct
2032,NCC-Electricity,50.0,pct,B,stacked_area_pct
2033,NCC-Electricity,50.0,pct,B,stacked_area_pct
2034,NCC-Electricity,50.0,pct,B,stacked_area_pct
2035,NCC-Electricity,50.0,pct,B,stacked_area_pct
2036,NCC-Electricity,50.0,pct,B,stacked_area_pct
2037,NCC-Electricity,50.0,pct,B,stacked_area_pct
2038,NCC-Electricity,50.0,pct,B,stacked_area_pct
2039,NCC-Electricity,50.0,pct,B,stacked_area_pct
2040,NCC-Electricity,50.0,pct,B,stacked_area_pct
2041,NCC-Electricity,50.0,pct,B,stacked_area_pct
2042,NCC-Electricity,50.0,pct,B,stacked_area_pct
2043,NCC-Electricity,50.0,pct,B,stacked_area_pct
2044,NCC-Electricity,50.0,pct,B,stacked_area_pct
2045,NCC-Electricity,50.0,pct,B,stacked_area_pct
2046,NCC-Electricity,50.0,pct,B,stacked_area_pct
2047,NCC-Electricity,50.0,pct,B,stacked_area_pct
2048,NCC-Electricity,50.0,pct,B,stacked_area_pct
2049,NCC-Electricity,50.0,pct,B,stacked_area_pct
2050,NCC-Electricity,50.0,pct,B,stacked_area_pct
2025,Baseline,100.0,pct,C,stacked_area_pct
2026,Baseline,98.06549675279813,pct,C,stacked_area_pct
2027,Baseline,98.06549675279813,pct,C,stacked_area_pct
2028,Baseline,98.06549675279813,pct,C,stacked_area_pct
2029,Baseline,98.06549675279813,pct,C,stacked_area_pct
2030,Baseline,98.06549675279813,pct,C,stacked_area_pct
2031,Baseline,98.06549675279813,pct,C,stacked_area_pct
2032,Baseline,98.06549675279813,pct,C,stacked_area_pct
2033,Baseline,98.06549675279813,pct,C,stacked_area_pct
2034,Baseline,98.06549675279813,pct,C,stacked_area_pct
2035,Baseline,98.06549675279813,pct,C,stacked_area_pct
2036,Baseline,98.06549675279813,pct,C,stacked_area_pct
2037,Baseline,98.06549675279813,pct,C,stacked_area_pct
2038,Baseline,36.774561282299295,pct,C,stacked_area_pct
2039,Baseline,12.258187094099766,pct,C,stacked_area_pct
2040,Baseline,12.258187094099766,pct,C,stacked_area_pct
2041,Baseline,12.258187094099766,pct,C,stacked_area_pct
2042,Baseline,12.258187094099766,pct,C,stacked_area_pct
2043,Baseline,12.258187094099766,pct,C,stacked_area_pct
2044,Baseline,12.258187094099766,pct,C,stacked_area_pct
2045,Baseline,12.258187094099766,pct,C,stacked_area_pct
2046,Baseline,12.258187094099766,pct,C,stacked_area_pct
2047,Baseline,12.258187094099766,pct,C,stacked_area_pct
2048,Baseline,9.542973607848557,pct,C,stacked_area_pct
2049,Baseline,5.373428216111648,pct,C,stacked_area_pct
2050,Baseline,0.0,pct,C,stacked_area_pct
2025,Heat_Pump,0.0,pct,C,stacked_area_pct
2026,Heat_Pump,1.9345032472018793,pct,C,stacked_area_pct
2027,Heat_Pump,1.9345032472018793,pct,C,stacked_area_pct
2028,Heat_Pump,1.9345032472018793,pct,C,stacked_area_pct
2029,Heat_Pump,1.9345032472018793,pct,C,stacked_area_pct
2030,Heat_Pump,1.9345032472018793,pct,C,stacked_area_pct
2031,Heat_Pump,1.9345032472018793,pct,C,stacked_area_pct
2032,Heat_Pump,1.9345032472018793,pct,C,stacked_area_pct
2033,Heat_Pump,1.9345032472018793,pct,C,stacked_area_pct
2034,Heat_Pump,1.9345032472018793,pct,C,stacked_area_pct
2035,Heat_Pump,1.9345032472018793,pct,C,stacked_area_pct
2036,Heat_Pump,1.9345032472018793,pct,C,stacked_area_pct
2037,Heat_Pump,1.9345032472018793,pct,C,stacked_area_pct
2038,Heat_Pump,1.9345032472018793,pct,C,stacked_area_pct
2039,Heat_Pump,1.9345032472018793,pct,C,stacked_area_pct
2040,Heat_Pump,1.9345032472018793,pct,C,stacked_area_pct
2041,Heat_Pump,1.9345032472018793,pct,C,stacked_area_pct
2042,Heat_Pump,1.9345032472018793,pct,C,stacked_area_pct
2043,Heat_Pump,1.9345032472018793,pct,C,stacked_area_pct
2044,Heat_Pump,1.9345032472018793,pct,C,stacked_area_pct
2045,Heat_Pump,1.9345032472018793,pct,C,stacked_area_pct
2046,Heat_Pump,1.9345032472018793,pct,C,stacked_area_pct
2047,Heat_Pump,1.9345032472018793,pct,C,stacked_area_pct
2048,Heat_Pump,1.9345032472018793,pct,C,stacked_area_pct
2049,Heat_Pump,1.9345032472018793,pct,C,stacked_area_pct
2050,Heat_Pump,1.9345032472018793,pct,C,stacked_area_pct
2025,RDH,0.0,pct,C,stacked_area_pct
2026,RDH,0.0,pct,C,stacked_area_pct
2027,RDH,0.0,pct,C,stacked_area_pct
2028,RDH,0.0,pct,C,stacked_area_pct
2029,RDH,0.0,pct,C,stacked_area_pct
2030,RDH,0.0,pct,C,stacked_area_pct
2031,RDH,0.0,pct,C,stacked_area_pct
2032,RDH,0.0,pct,C,stacked_area_pct
2033,RDH,0.0,pct,C,stacked_area_pct
2034,RDH,0.0,pct,C,stacked_area_pct
2035,RDH,0.0,pct,C,stacked_area_pct
2036,RDH,0.0,pct,C,stacked_area_pct
2037,RDH,0.0,pct,C,stacked_area_pct
2038,RDH,61.29093547049883,pct,C,stacked_area_pct
2039,RDH,85.80730965869836,pct,C,stacked_area_pct
2040,RDH,85.80730965869836,pct,C,stacked_area_pct
2041,RDH,85.80730965869836,pct,C,stacked_area_pct
2042,RDH,85.80730965869836,pct,C,stacked_area_pct
2043,RDH,85.80730965869836,pct,C,stacked_area_pct
2044,RDH,85.80730965869836,pct,C,stacked_area_pct
2045,RDH,85.80730965869836,pct,C,stacked_area_pct
2046,RDH,85.80730965869836,pct,C,stacked_area_pct
2047,RDH,85.80730965869836,pct,C,stacked_area_pct
2048,RDH,88.52252314494956,pct,C,stacked_area_pct
2049,RDH,92.69206853668646,pct,C,stacked_area_pct
2050,RDH,98.06549675279813,pct,C,stacked_area_pct
2025,Baseline,100.0,pct,D,stacked_area_pct
2026,Baseline,91.63179916317992,pct,D,stacked_area_pct
2027,Baseline,91.63179916317992,pct,D,stacked_area_pct
2028,Baseline,91.63179916317992,pct,D,stacked_area_pct
2029,Baseline,45.81589958158996,pct,D,stacked_area_pct
2030,Baseline,45.81589958158996,pct,D,stacked_area_pct
2031,Baseline,45.81589958158996,pct,D,stacked_area_pct
2032,Baseline,45.81589958158996,pct,D,stacked_area_pct
2033,Baseline,45.81589958158996,pct,D,stacked_area_pct
2034,Baseline,20.51255230125523,pct,D,stacked_area_pct
2035,Baseline,0.0,pct,D,stacked_area_pct
2036,Baseline,0.0,pct,D,stacked_area_pct
2037,Baseline,0.0,pct,D,stacked_area_pct
2038,Baseline,0.0,pct,D,stacked_area_pct
2039,Baseline,0.0,pct,D,stacked_area_pct
2040,Baseline,0.0,pct,D,stacked_area_pct
2041,Baseline,0.0,pct,D,stacked_area_pct
2042,Baseline,0.0,pct,D,stacked_area_pct
2043,Baseline,0.0,pct,D,stacked_area_pct
2044,Baseline,0.0,pct,D,stacked_area_pct
2045,Baseline,0.0,pct,D,stacked_area_pct
2046,Baseline,0.0,pct,D,stacked_area_pct
2047,Baseline,0.0,pct,D,stacked_area_pct
2048,Baseline,0.0,pct,D,stacked_area_pct
2049,Baseline,0.0,pct,D,stacked_area_pct
2050,Baseline,0.0,pct,D,stacked_area_pct
2025,NCC-H2,0.0,pct,D,stacked_area_pct
2026,NCC-H2,0.0,pct,D,stacked_area_pct
2027,NCC-H2,0.0,pct,D,stacked_area_pct
2028,NCC-H2,0.0,pct,D,stacked_area_pct
2029,NCC-H2,0.0,pct,D,stacked_area_pct
2030,NCC-H2,0.0,pct,D,stacked_area_pct
2031,NCC-H2,0.0,pct,D,stacked_area_pct
2032,NCC-H2,0.0,pct,D,stacked_area_pct
2033,NCC-H2,0.0,pct,D,stacked_area_pct
2034,NCC-H2,25.303347280334727,pct,D,stacked_area_pct
2035,NCC-H2,45.81589958158996,pct,D,stacked_area_pct
2036,NCC-H2,45.81589958158996,pct,D,stacked_area_pct
2037,NCC-H2,45.81589958158996,pct,D,stacked_area_pct
2038,NCC-H2,45.81589958158996,pct,D,stacked_area_pct
2039,NCC-H2,45.81589958158996,pct,D,stacked_area_pct
2040,NCC-H2,45.81589958158996,pct,D,stacked_area_pct
2041,NCC-H2,45.81589958158996,pct,D,stacked_area_pct
2042,NCC-H2,45.81589958158996,pct,D,stacked_area_pct
2043,NCC-H2,45.81589958158996,pct,D,stacked_area_pct
2044,NCC-H2,45.81589958158996,pct,D,stacked_area_pct
2045,NCC-H2,45.81589958158996,pct,D,stacked_area_pct
2046,NCC-H2,45.81589958158996,pct,D,stacked_area_pct
2047,NCC-H2,45.81589958158996,pct,D,stacked_area_pct
2048,NCC-H2,45.81589958158996,pct,D,stacked_area_pct
2049,NCC-H2,45.81589958158996,pct,D,stacked_area_pct
2050,NCC-H2,45.81589958158996,pct,D,stacked_area_pct
2025,NCC-Electricity,0.0,pct,D,stacked_area_pct
2026,NCC-Electricity,0.0,pct,D,stacked_area_pct
2027,NCC-Electricity,0.0,pct,D,stacked_area_pct
2028,NCC-Electricity,0.0,pct,D,stacked_area_pct
2029,NCC-Electricity,45.81589958158996,pct,D,stacked_area_pct
2030,NCC-Electricity,45.81589958158996,pct,D,stacked_area_pct
2031,NCC-Electricity,45.81589958158996,pct,D,stacked_area_pct
2032,NCC-Electricity,45.81589958158996,pct,D,stacked_area_pct
2033,NCC-Electricity,45.81589958158996,pct,D,stacked_area_pct
2034,NCC-Electricity,45.81589958158996,pct,D,stacked_area_pct
2035,NCC-Electricity,45.81589958158996,pct,D,stacked_area_pct
2036,NCC-Electricity,45.81589958158996,pct,D,stacked_area_pct
2037,NCC-Electricity,45.81589958158996,pct,D,stacked_area_pct
2038,NCC-Electricity,45.81589958158996,pct,D,stacked_area_pct
2039,NCC-Electricity,45.81589958158996,pct,D,stacked_area_pct
2040,NCC-Electricity,45.81589958158996,pct,D,stacked_area_pct
2041,NCC-Electricity,45.81589958158996,pct,D,stacked_area_pct
2042,NCC-Electricity,45.81589958158996,pct,D,stacked_area_pct
2043,NCC-Electricity,45.81589958158996,pct,D,stacked_area_pct
2044,NCC-Electricity,45.81589958158996,pct,D,stacked_area_pct
2045,NCC-Electricity,45.81589958158996,pct,D,stacked_area_pct
2046,NCC-Electricity,45.81589958158996,pct,D,stacked_area_pct
2047,NCC-Electricity,45.81589958158996,pct,D,stacked_area_pct
2048,NCC-Electricity,45.81589958158996,pct,D,stacked_area_pct
2049,NCC-Electricity,45.81589958158996,pct,D,stacked_area_pct
2050,NCC-Electricity,45.81589958158996,pct,D,stacked_area_pct
2025,Heat_Pump,0.0,pct,D,stacked_area_pct
2026,Heat_Pump,8.368200836820083,pct,D,stacked_area_pct
2027,Heat_Pump,8.368200836820083,pct,D,stacked_area_pct
2028,Heat_Pump,8.368200836820083,pct,D,stacked_area_pct
2029,Heat_Pump,8.368200836820083,pct,D,stacked_area_pct
2030,Heat_Pump,8.368200836820083,pct,D,stacked_area_pct
2031,Heat_Pump,8.368200836820083,pct,D,stacked_area_pct
2032,Heat_Pump,8.368200836820083,pct,D,stacked_area_pct
2033,Heat_Pump,8.368200836820083,pct,D,stacked_area_pct
2034,Heat_Pump,8.368200836820083,pct,D,stacked_area_pct
2035,Heat_Pump,8.368200836820083,pct,D,stacked_area_pct
2036,Heat_Pump,8.368200836820083,pct,D,stacked_area_pct
2037,Heat_Pump,8.368200836820083,pct,D,stacked_area_pct
2038,Heat_Pump,8.368200836820083,pct,D,stacked_area_pct
2039,Heat_Pump,8.368200836820083,pct,D,stacked_area_pct
2040,Heat_Pump,8.368200836820083,pct,D,stacked_area_pct
2041,Heat_Pump,8.368200836820083,pct,D,stacked_area_pct
2042,Heat_Pump,8.368200836820083,pct,D,stacked_area_pct
2043,Heat_Pump,8.368200836820083,pct,D,stacked_area_pct
2044,Heat_Pump,8.368200836820083,pct,D,stacked_area_pct
2045,Heat_Pump,8.368200836820083,pct,D,stacked_area_pct
2046,Heat_Pump,8.368200836820083,pct,D,stacked_area_pct
2047,Heat_Pump,8.368200836820083,pct,D,stacked_area_pct
2048,Heat_Pump,8.368200836820083,pct,D,stacked_area_pct
2049,Heat_Pump,8.368200836820083,pct,D,stacked_area_pct
2050,Heat_Pump,8.368200836820083,pct,D,stacked_area_pct
