scenario,year,region,abatement_tco2,total_cost_usd,mac_usd_per_tco2,facilities_deployed,total_facilities
shaheen_ncc_h2_rising_coupled,2025,Daesan,0.0,0.0,0.0,0,55
shaheen_ncc_h2_rising_coupled,2025,Yeosu,0.0,0.0,0.0,0,85
shaheen_ncc_h2_rising_coupled,2025,Ulsan,0.0,0.0,0.0,0,85
shaheen_ncc_h2_rising_coupled,2025,Other,0.0,0.0,0.0,0,18
shaheen_ncc_h2_rising_coupled,2026,Daesan,5405239.607079938,3548508024.7058597,656.4941210113834,3,55
shaheen_ncc_h2_rising_coupled,2026,Yeosu,2838670.0521535464,1863570200.7298799,656.4941210113833,2,85
shaheen_ncc_h2_rising_coupled,2026,Ulsan,4160984.1039243587,2562144828.1620345,615.7545340645721,4,85
shaheen_ncc_h2_rising_coupled,2026,Other,0.0,0.0,0.0,0,18
shaheen_ncc_h2_rising_coupled,2027,Daesan,5439569.919496927,3602111207.513857,662.2051487201021,3,55
shaheen_ncc_h2_rising_coupled,2027,Yeosu,2856699.304660972,1891720987.8916311,662.205148720102,2,85
shaheen_ncc_h2_rising_coupled,2027,Ulsan,4195956.107685254,2603121294.943684,620.3881137307046,4,85
shaheen_ncc_h2_rising_coupled,2027,Other,0.0,0.0,0.0,0,18
shaheen_ncc_h2_rising_coupled,2028,Daesan,7112346.55983373,4747643937.0154295,667.5214568181024,4,55
shaheen_ncc_h2_rising_coupled,2028,Yeosu,2874728.5571683985,1918942994.4376497,667.521456818102,2,85
shaheen_ncc_h2_rising_coupled,2028,Ulsan,4230928.11144615,2642803308.066036,624.6391426307441,4,85
shaheen_ncc_h2_rising_coupled,2028,Other,0.0,0.0,0.0,0,18
shaheen_ncc_h2_rising_coupled,2029,Daesan,7156952.612021791,4810076992.248213,672.0845104058051,4,55
shaheen_ncc_h2_rising_coupled,2029,Yeosu,4736328.849002904,3183213255.603006,672.0845104058048,3,85
shaheen_ncc_h2_rising_coupled,2029,Ulsan,4265900.115207044,2679700305.1718764,628.1676159315834,4,85
shaheen_ncc_h2_rising_coupled,2029,Other,0.0,0.0,0.0,0,18
shaheen_ncc_h2_rising_coupled,2030,Daesan,7201558.664209853,4870323542.538513,676.287421880341,4,55
shaheen_ncc_h2_rising_coupled,2030,Yeosu,4765848.246890711,3223083223.9626594,676.2874218803405,3,85
shaheen_ncc_h2_rising_coupled,2030,Ulsan,4300872.118967941,2715365830.669044,631.3523758806009,4,85
shaheen_ncc_h2_rising_coupled,2030,Other,0.0,0.0,0.0,0,18
shaheen_ncc_h2_rising_coupled,2031,Daesan,7237192.234635949,4974747911.30513,687.3864545834291,4,55
shaheen_ncc_h2_rising_coupled,2031,Yeosu,8252672.611014187,5672775366.9228115,687.3864545834289,4,85
shaheen_ncc_h2_rising_coupled,2031,Ulsan,5604980.385331596,3653352818.7822685,651.804746425733,6,85
shaheen_ncc_h2_rising_coupled,2031,Other,0.0,0.0,0.0,0,18
shaheen_ncc_h2_rising_coupled,2032,Daesan,7272825.8050620435,5077707442.301955,698.1753143004967,4,55
shaheen_ncc_h2_rising_coupled,2032,Yeosu,8293306.075091693,5790181575.56736,698.1753143004966,4,85
shaheen_ncc_h2_rising_coupled,2032,Ulsan,5639201.239074374,3731449211.757331,661.6981826968488,6,85
shaheen_ncc_h2_rising_coupled,2032,Other,0.0,0.0,0.0,0,18
shaheen_ncc_h2_rising_coupled,2033,Daesan,7308459.375488139,5178468325.553558,708.5581323639339,4,55
shaheen_ncc_h2_rising_coupled,2033,Yeosu,8333939.539169199,5905080635.10767,708.5581323639337,4,85
shaheen_ncc_h2_rising_coupled,2033,Ulsan,5673422.092817153,3807909814.8419485,671.1839437546803,6,85
shaheen_ncc_h2_rising_coupled,2033,Other,0.0,0.0,0.0,0,18
shaheen_ncc_h2_rising_coupled,2034,Daesan,8441686.463772543,6055646401.0275345,717.3503099191508,8,55
shaheen_ncc_h2_rising_coupled,2034,Yeosu,9081841.657001775,6519523463.360962,717.8635908427938,6,85
shaheen_ncc_h2_rising_coupled,2034,Ulsan,5848159.897637095,3982827750.8179884,681.0394757549669,7,85
shaheen_ncc_h2_rising_coupled,2034,Other,0.0,0.0,0.0,0,18
shaheen_ncc_h2_rising_coupled,2035,Daesan,8484830.400725752,6166818793.469217,726.8051925872008,8,55
shaheen_ncc_h2_rising_coupled,2035,Yeosu,10177399.147830697,7391981730.933536,726.3134346567442,9,85
shaheen_ncc_h2_rising_coupled,2035,Ulsan,7008083.8274408,4933082966.707479,703.913236224649,10,85
shaheen_ncc_h2_rising_coupled,2035,Other,0.0,0.0,0.0,0,18
shaheen_ncc_h2_rising_coupled,2036,Daesan,9202026.934574284,6793886551.424677,738.3032672832516,9,55
shaheen_ncc_h2_rising_coupled,2036,Yeosu,10282996.541001007,7523279491.339468,731.6232638358067,9,85
shaheen_ncc_h2_rising_coupled,2036,Ulsan,7092856.872124853,5022923722.160237,708.1665135384986,10,85
shaheen_ncc_h2_rising_coupled,2036,Other,0.0,0.0,0.0,0,18
shaheen_ncc_h2_rising_coupled,2037,Daesan,9296391.83590124,6909525786.182664,743.2481233739669,9,55
shaheen_ncc_h2_rising_coupled,2037,Yeosu,12228153.972073376,9168310327.777258,749.7705989567861,10,85
shaheen_ncc_h2_rising_coupled,2037,Ulsan,7177933.762847199,5110608867.206618,711.9888586404904,10,85
shaheen_ncc_h2_rising_coupled,2037,Other,0.0,0.0,0.0,0,18
shaheen_ncc_h2_rising_coupled,2038,Daesan,9390419.719723454,7023325827.78194,747.9245909562791,9,55
shaheen_ncc_h2_rising_coupled,2038,Yeosu,12355167.126760786,9319192679.305458,754.2749186387344,10,85
shaheen_ncc_h2_rising_coupled,2038,Ulsan,7262706.8075312525,5196931496.166871,715.5639947874225,10,85
shaheen_ncc_h2_rising_coupled,2038,Other,0.0,0.0,0.0,0,18
shaheen_ncc_h2_rising_coupled,2039,Daesan,11452494.483170591,9061604819.387035,791.2341571264704,19,55
shaheen_ncc_h2_rising_coupled,2039,Yeosu,12771798.536571609,10034635922.4259,785.6869879126313,22,85
shaheen_ncc_h2_rising_coupled,2039,Ulsan,7844747.9769825535,6167729344.968528,786.2240269624209,21,85
shaheen_ncc_h2_rising_coupled,2039,Other,36679.58839297148,112851794.70255338,3076.6919599397133,3,18
shaheen_ncc_h2_rising_coupled,2040,Daesan,11748206.187673975,9210102729.266851,783.9582130359561,19,55
shaheen_ncc_h2_rising_coupled,2040,Yeosu,13051788.62315756,10196800002.889084,781.2569064133539,22,85
shaheen_ncc_h2_rising_coupled,2040,Ulsan,8173295.735032286,6277986426.597186,768.1095399116116,21,85
shaheen_ncc_h2_rising_coupled,2040,Other,64570.35441275804,116266087.27486295,1800.6109511440234,3,18
shaheen_ncc_h2_rising_coupled,2041,Daesan,12704849.237147568,10037771117.216835,790.0740048034185,20,55
shaheen_ncc_h2_rising_coupled,2041,Yeosu,13190783.701855585,10355322169.275055,785.042223671543,22,85
shaheen_ncc_h2_rising_coupled,2041,Ulsan,8336396.229206976,6386147940.885042,766.0561908646878,21,85
shaheen_ncc_h2_rising_coupled,2041,Other,78416.12754400923,119670663.19533557,1526.097589149288,3,18
shaheen_ncc_h2_rising_coupled,2042,Daesan,12857251.584124422,10190431534.169275,792.5824168169797,20,55
shaheen_ncc_h2_rising_coupled,2042,Yeosu,13330778.74514856,10511323628.063555,788.5003441294768,22,85
shaheen_ncc_h2_rising_coupled,2042,Ulsan,9640815.835480247,7461837808.409907,773.9840627334423,22,85
shaheen_ncc_h2_rising_coupled,2042,Other,92361.51055390252,123084955.76764514,1332.643381745173,3,18
shaheen_ncc_h2_rising_coupled,2043,Daesan,13635023.469208712,10875141379.495491,797.5887539947604,21,55
shaheen_ncc_h2_rising_coupled,2043,Yeosu,14425206.821600743,11481082581.952957,795.9041921507036,23,85
shaheen_ncc_h2_rising_coupled,2043,Ulsan,9811454.807120342,7579624664.595897,772.528112660238,22,85
shaheen_ncc_h2_rising_coupled,2043,Other,106306.89356379582,126489531.68811777,1189.8525810295655,3,18
shaheen_ncc_h2_rising_coupled,2044,Daesan,14807868.329216309,11907673652.781921,804.1450253368185,22,55
shaheen_ncc_h2_rising_coupled,2044,Yeosu,16021729.712559588,12895124221.953743,804.8521884528567,24,85
shaheen_ncc_h2_rising_coupled,2044,Ulsan,9980874.928963006,7695941325.296464,771.0688071006675,22,85
shaheen_ncc_h2_rising_coupled,2044,Other,120152.666695047,129903824.2604273,1081.1563973867446,3,18
shaheen_ncc_h2_rising_coupled,2045,Daesan,14969363.665643487,12068739219.684362,806.2292752886743,22,55
shaheen_ncc_h2_rising_coupled,2045,Yeosu,16175041.852220267,13067450883.54211,807.8774078565,24,85
shaheen_ncc_h2_rising_coupled,2045,Ulsan,10994565.20252807,8542376388.248036,776.9635479794888,23,85
shaheen_ncc_h2_rising_coupled,2045,Other,134098.0497049403,133308400.18089996,994.1114018751367,3,18
shaheen_ncc_h2_rising_coupled,2046,Daesan,15130859.002070665,12227140190.737564,808.0929304188397,22,55
shaheen_ncc_h2_rising_coupled,2046,Yeosu,16328353.991880944,13236843719.800724,810.6661410196378,24,85
shaheen_ncc_h2_rising_coupled,2046,Ulsan,12078062.396923702,9458116171.89733,783.0822412629963,24,85
shaheen_ncc_h2_rising_coupled,2046,Other,148043.4327148336,136722692.7532095,923.5309547068496,3,18
shaheen_ncc_h2_rising_coupled,2047,Daesan,15292354.338497845,12381445062.206701,809.6493704070763,22,55
shaheen_ncc_h2_rising_coupled,2047,Yeosu,16481666.131541621,13401757317.566183,813.131221722706,24,85
shaheen_ncc_h2_rising_coupled,2047,Ulsan,14571702.160780866,11622347276.53686,797.5970925221027,27,85
shaheen_ncc_h2_rising_coupled,2047,Other,161988.81572472685,140127268.67368215,865.0428614269593,3,18
shaheen_ncc_h2_rising_coupled,2048,Daesan,15453849.674925026,12533075597.1656,811.0002271797305,22,55
shaheen_ncc_h2_rising_coupled,2048,Yeosu,18607467.705478083,15310358123.10764,822.8071850206803,25,85
shaheen_ncc_h2_rising_coupled,2048,Ulsan,14764494.96126357,11771160001.549145,797.261269852589,27,85
shaheen_ncc_h2_rising_coupled,2048,Other,175934.19873462015,143541561.2459917,815.8820870438633,3,18
shaheen_ncc_h2_rising_coupled,2049,Daesan,15615345.011352204,12680734542.079006,812.0688036582116,22,55
shaheen_ncc_h2_rising_coupled,2049,Yeosu,18771435.17550373,15486966883.887894,825.0283869662779,25,85
shaheen_ncc_h2_rising_coupled,2049,Ulsan,14957287.76174627,11916330976.331041,796.6906277491986,27,85
shaheen_ncc_h2_rising_coupled,2049,Other,189879.58174451347,146946137.16646436,773.8911989188133,3,18
shaheen_ncc_h2_rising_coupled,2050,Daesan,15776840.347779384,12825593714.320595,812.938042827176,22,55
shaheen_ncc_h2_rising_coupled,2050,Yeosu,18935402.645529386,15660067432.620958,827.0258481310019,25,85
shaheen_ncc_h2_rising_coupled,2050,Ulsan,16588756.489553513,13400788968.10128,807.8235988659065,30,85
shaheen_ncc_h2_rising_coupled,2050,Other,203824.96475440674,150360429.7387739,737.6938831803384,3,18
shaheen_ncc_h2_rising_decoupled,2025,Daesan,0.0,0.0,0.0,0,55
shaheen_ncc_h2_rising_decoupled,2025,Yeosu,0.0,0.0,0.0,0,85
shaheen_ncc_h2_rising_decoupled,2025,Ulsan,0.0,0.0,0.0,0,85
shaheen_ncc_h2_rising_decoupled,2025,Other,0.0,0.0,0.0,0,18
shaheen_ncc_h2_rising_decoupled,2026,Daesan,7023134.455457606,3527251809.357283,502.23327372243193,4,55
shaheen_ncc_h2_rising_decoupled,2026,Yeosu,3324038.506666847,1669442741.182714,502.23327372243176,2,85
shaheen_ncc_h2_rising_decoupled,2026,Ulsan,1160524.5669330454,442614083.7135992,381.3913951716759,3,85
shaheen_ncc_h2_rising_decoupled,2026,Other,0.0,0.0,0.0,0,18
shaheen_ncc_h2_rising_decoupled,2027,Daesan,7067740.507645668,3465350359.810758,490.30526178232583,4,55
shaheen_ncc_h2_rising_decoupled,2027,Yeosu,4677290.053227291,2293299923.9794755,490.3052617823258,3,85
shaheen_ncc_h2_rising_decoupled,2027,Ulsan,1176439.7442094078,435652608.3944714,370.3144258248765,3,85
shaheen_ncc_h2_rising_decoupled,2027,Other,0.0,0.0,0.0,0,18
shaheen_ncc_h2_rising_decoupled,2028,Daesan,7112346.55983373,3404534478.2912974,478.67949763838385,4,55
shaheen_ncc_h2_rising_decoupled,2028,Yeosu,4706809.451115098,2253053183.539372,478.6794976383838,3,85
shaheen_ncc_h2_rising_decoupled,2028,Ulsan,2532901.9170565256,1070538419.3105943,422.6529310517726,4,85
shaheen_ncc_h2_rising_decoupled,2028,Other,0.0,0.0,0.0,0,18
shaheen_ncc_h2_rising_decoupled,2029,Daesan,7156952.612021791,3343477143.6947727,467.1649129098066,4,55
shaheen_ncc_h2_rising_decoupled,2029,Yeosu,4736328.849002904,2212646654.2566457,467.16491290980645,3,85
shaheen_ncc_h2_rising_decoupled,2029,Ulsan,2557224.517781947,1052185428.7517029,411.4560225100353,4,85
shaheen_ncc_h2_rising_decoupled,2029,Other,0.0,0.0,0.0,0,18
shaheen_ncc_h2_rising_decoupled,2030,Daesan,7201558.664209853,3283572260.550313,455.9529976293796,4,55
shaheen_ncc_h2_rising_decoupled,2030,Yeosu,4765848.246890711,2173002794.416542,455.95299762937935,3,85
shaheen_ncc_h2_rising_decoupled,2030,Ulsan,5296270.803445114,2272000224.510943,428.9811281993085,5,85
shaheen_ncc_h2_rising_decoupled,2030,Other,0.0,0.0,0.0,0,18
shaheen_ncc_h2_rising_decoupled,2031,Daesan,7237192.234635949,3259784369.178788,450.42113895745706,4,55
shaheen_ncc_h2_rising_decoupled,2031,Yeosu,8252672.611014187,3717178196.8960214,450.42113895745706,4,85
shaheen_ncc_h2_rising_decoupled,2031,Ulsan,5329133.4771213895,2256979704.352523,423.5172029452833,5,85
shaheen_ncc_h2_rising_decoupled,2031,Other,0.0,0.0,0.0,0,18
shaheen_ncc_h2_rising_decoupled,2032,Daesan,7272825.8050620435,3236117233.209328,444.96009115974164,4,55
shaheen_ncc_h2_rising_decoupled,2032,Yeosu,8293306.075091693,3690190227.1884384,444.9600911597416,4,85
shaheen_ncc_h2_rising_decoupled,2032,Ulsan,5361996.150797663,2242049032.270382,418.13700890793245,5,85
shaheen_ncc_h2_rising_decoupled,2032,Other,0.0,0.0,0.0,0,18
shaheen_ncc_h2_rising_decoupled,2033,Daesan,7308459.375488139,3212596875.537803,439.57237914088165,4,55
shaheen_ncc_h2_rising_decoupled,2033,Yeosu,8333939.539169199,3663369630.848867,439.5723791408816,4,85
shaheen_ncc_h2_rising_decoupled,2033,Ulsan,5673422.092817153,2349665484.798848,414.1531242270246,6,85
shaheen_ncc_h2_rising_decoupled,2033,Other,0.0,0.0,0.0,0,18
shaheen_ncc_h2_rising_decoupled,2034,Daesan,7874934.76109464,3416664192.9516087,433.86571401598275,6,55
shaheen_ncc_h2_rising_decoupled,2034,Yeosu,9284810.586335458,4026767107.1562653,433.6940500522968,7,85
shaheen_ncc_h2_rising_decoupled,2034,Ulsan,6051128.82697078,2481208819.0912585,410.0406535772536,8,85
shaheen_ncc_h2_rising_decoupled,2034,Other,0.0,0.0,0.0,0,18
shaheen_ncc_h2_rising_decoupled,2035,Daesan,9955010.98526677,4340232748.9737,435.98472722904705,9,55
shaheen_ncc_h2_rising_decoupled,2035,Yeosu,10177399.147830697,4354555109.6620035,427.8652184522185,9,85
shaheen_ncc_h2_rising_decoupled,2035,Ulsan,6317209.492600096,2561458384.225012,405.4730790906133,9,85
shaheen_ncc_h2_rising_decoupled,2035,Other,0.0,0.0,0.0,0,18
shaheen_ncc_h2_rising_decoupled,2036,Daesan,10059137.224327434,4308260856.599633,428.29327809350855,9,55
shaheen_ncc_h2_rising_decoupled,2036,Yeosu,10282996.541001007,4322556762.116348,420.359643697358,9,85
shaheen_ncc_h2_rising_decoupled,2036,Ulsan,6393745.7059314195,2544160201.1008806,397.91388618109823,9,85
shaheen_ncc_h2_rising_decoupled,2036,Other,0.0,0.0,0.0,0,18
shaheen_ncc_h2_rising_decoupled,2037,Daesan,10163636.675714478,4276296746.0419936,420.7447474249054,9,55
shaheen_ncc_h2_rising_decoupled,2037,Yeosu,10388972.419451501,4290565976.7469783,412.9923349025027,9,85
shaheen_ncc_h2_rising_decoupled,2037,Ulsan,7177933.762847199,2854373793.8290567,397.65953380668157,10,85
shaheen_ncc_h2_rising_decoupled,2037,Other,0.0,0.0,0.0,0,18
shaheen_ncc_h2_rising_decoupled,2038,Daesan,10267762.914775139,4244496535.3739266,413.38084747420174,9,55
shaheen_ncc_h2_rising_decoupled,2038,Yeosu,12355167.126760786,5103837508.8052,413.0933605706147,10,85
shaheen_ncc_h2_rising_decoupled,2038,Ulsan,7262706.8075312525,2834703477.9155197,390.3095020958302,10,85
shaheen_ncc_h2_rising_decoupled,2038,Other,0.0,0.0,0.0,0,18
shaheen_ncc_h2_rising_decoupled,2039,Daesan,10371889.1538358,4212801006.626287,406.1748967947928,9,55
shaheen_ncc_h2_rising_decoupled,2039,Yeosu,12482180.281448195,5065703211.576474,405.8348058876735,10,85
shaheen_ncc_h2_rising_decoupled,2039,Ulsan,7347479.852215304,2815098728.1290455,383.13799898073603,10,85
shaheen_ncc_h2_rising_decoupled,2039,Other,0.0,0.0,0.0,0,18
shaheen_ncc_h2_rising_decoupled,2040,Daesan,11136758.623588178,4470015852.193373,401.374942501283,10,55
shaheen_ncc_h2_rising_decoupled,2040,Yeosu,12609648.680417636,5027767185.497962,398.72381165590417,10,85
shaheen_ncc_h2_rising_decoupled,2040,Ulsan,8340382.4888057355,3192555017.2241163,382.7828066049834,11,85
shaheen_ncc_h2_rising_decoupled,2040,Other,0.0,0.0,0.0,0,18
shaheen_ncc_h2_rising_decoupled,2041,Daesan,11192336.633160844,4436481652.789196,396.38565191514283,10,55
shaheen_ncc_h2_rising_decoupled,2041,Yeosu,12672927.635620326,4990067272.387238,393.7580499048576,10,85
shaheen_ncc_h2_rising_decoupled,2041,Ulsan,9521486.254130812,3659393376.3624415,384.3300592672542,12,85
shaheen_ncc_h2_rising_decoupled,2041,Other,0.0,0.0,0.0,0,18
shaheen_ncc_h2_rising_decoupled,2042,Daesan,12062704.289706431,4749790962.498271,393.75838521975953,11,55
shaheen_ncc_h2_rising_decoupled,2042,Yeosu,12736661.835105047,4952451652.086725,388.8343520620668,10,85
shaheen_ncc_h2_rising_decoupled,2042,Ulsan,10908152.794633197,4200758124.2768826,385.1026111720449,14,85
shaheen_ncc_h2_rising_decoupled,2042,Other,0.0,0.0,0.0,0,18
shaheen_ncc_h2_rising_decoupled,2043,Daesan,13761101.235604942,5401977831.788448,392.5541814787017,13,55
shaheen_ncc_h2_rising_decoupled,2043,Yeosu,12800396.034589767,4914963232.118001,383.96962241141455,10,85
shaheen_ncc_h2_rising_decoupled,2043,Ulsan,10969621.190759135,4170406461.9737782,380.1778009879639,14,85
shaheen_ncc_h2_rising_decoupled,2043,Other,0.0,0.0,0.0,0,18
shaheen_ncc_h2_rising_decoupled,2044,Daesan,13830221.304466128,5360961766.469206,387.626607590004,13,55
shaheen_ncc_h2_rising_decoupled,2044,Yeosu,15275635.83521248,5877928287.904157,384.79107196014115,12,85
shaheen_ncc_h2_rising_decoupled,2044,Ulsan,11030650.526912747,4140318685.1752357,375.34673726391964,14,85
shaheen_ncc_h2_rising_decoupled,2044,Other,0.0,0.0,0.0,0,18
shaheen_ncc_h2_rising_decoupled,2045,Daesan,13899838.640009768,5319964839.019234,382.73572642102954,13,55
shaheen_ncc_h2_rising_decoupled,2045,Yeosu,15352687.131064905,5833012414.774318,379.93429847024595,12,85
shaheen_ncc_h2_rising_decoupled,2045,Ulsan,12356695.875926144,4627693288.142149,374.50895729804466,15,85
shaheen_ncc_h2_rising_decoupled,2045,Other,0.0,0.0,0.0,0,18
shaheen_ncc_h2_rising_decoupled,2046,Daesan,13969455.97555341,5279183941.08699,377.9090574697811,13,55
shaheen_ncc_h2_rising_decoupled,2046,Yeosu,17380917.200463172,6576208200.826692,378.3579499850242,13,85
shaheen_ncc_h2_rising_decoupled,2046,Ulsan,13000319.750294128,4826035254.736243,371.2243504339234,16,85
shaheen_ncc_h2_rising_decoupled,2046,Other,0.0,0.0,0.0,0,18
shaheen_ncc_h2_rising_decoupled,2047,Daesan,14039073.311097052,5238541852.002018,373.1401450736255,13,55
shaheen_ncc_h2_rising_decoupled,2047,Yeosu,17468623.826680567,6525534063.508024,373.55742090806837,13,85
shaheen_ncc_h2_rising_decoupled,2047,Ulsan,13924182.716812093,5130031984.704005,368.42607491138364,17,85
shaheen_ncc_h2_rising_decoupled,2047,Other,0.0,0.0,0.0,0,18
shaheen_ncc_h2_rising_decoupled,2048,Daesan,14873419.636767752,5548357569.265173,373.0384608761651,15,55
shaheen_ncc_h2_rising_decoupled,2048,Yeosu,17742360.271063626,6560329544.3701515,369.75517598239315,16,85
shaheen_ncc_h2_rising_decoupled,2048,Ulsan,15222104.4349228,5648371600.792534,371.06377931778917,22,85
shaheen_ncc_h2_rising_decoupled,2048,Other,0.0,0.0,0.0,0,18
shaheen_ncc_h2_rising_decoupled,2049,Daesan,15257646.993101347,5725237194.037188,375.2372300018357,20,55
shaheen_ncc_h2_rising_decoupled,2049,Yeosu,18409948.455501936,6887983843.218984,374.1446566169208,22,85
shaheen_ncc_h2_rising_decoupled,2049,Ulsan,15895471.832941448,6044597235.106134,380.27164582679677,25,85
shaheen_ncc_h2_rising_decoupled,2049,Other,11587.734641283387,9083407.947904017,783.8812528156059,1,18
shaheen_ncc_h2_rising_decoupled,2050,Daesan,15776840.347779384,5981610498.575846,379.1386847251558,22,55
shaheen_ncc_h2_rising_decoupled,2050,Yeosu,18935402.645529386,7134980853.804808,376.8063973801668,25,85
shaheen_ncc_h2_rising_decoupled,2050,Ulsan,16588756.489553513,6410312995.800616,386.4251669398729,30,85
shaheen_ncc_h2_rising_decoupled,2050,Other,203824.96475440674,150360429.7387739,737.6938831803384,3,18
shaheen_ncc_h2_flat_coupled,2025,Daesan,0.0,0.0,0.0,0,55
shaheen_ncc_h2_flat_coupled,2025,Yeosu,0.0,0.0,0.0,0,85
shaheen_ncc_h2_flat_coupled,2025,Ulsan,0.0,0.0,0.0,0,85
shaheen_ncc_h2_flat_coupled,2025,Other,0.0,0.0,0.0,0,18
shaheen_ncc_h2_flat_coupled,2026,Daesan,4155048.1333335573,2051548241.338345,493.74836957482046,2,55
shaheen_ncc_h2_flat_coupled,2026,Yeosu,2838670.0521535464,1401588710.0116832,493.7483695748202,2,85
shaheen_ncc_h2_flat_coupled,2026,Ulsan,4160984.1039243587,1902848100.894819,457.30722669672815,4,85
shaheen_ncc_h2_flat_coupled,2026,Other,0.0,0.0,0.0,0,18
shaheen_ncc_h2_flat_coupled,2027,Daesan,5439569.919496927,2614907388.6556616,480.71951043098244,3,55
shaheen_ncc_h2_flat_coupled,2027,Yeosu,2856699.304660972,1373271091.18515,480.7195104309822,2,85
shaheen_ncc_h2_flat_coupled,2027,Ulsan,4195956.107685254,1863047307.2203944,444.01019920300485,4,85
shaheen_ncc_h2_flat_coupled,2027,Other,0.0,0.0,0.0,0,18
shaheen_ncc_h2_flat_coupled,2028,Daesan,5473900.231913918,2561805410.6304493,468.0036723531457,3,55
shaheen_ncc_h2_flat_coupled,2028,Yeosu,2874728.5571683985,1345383521.7732701,468.0036723531456,2,85
shaheen_ncc_h2_flat_coupled,2028,Ulsan,5213995.908198037,2283927476.131421,438.03783438732097,5,85
shaheen_ncc_h2_flat_coupled,2028,Other,0.0,0.0,0.0,0,18
shaheen_ncc_h2_flat_coupled,2029,Daesan,5508230.544330907,2508534296.148464,455.4156322905289,3,55
shaheen_ncc_h2_flat_coupled,2029,Yeosu,4736328.849002904,2156998197.50453,455.4156322905288,3,85
shaheen_ncc_h2_flat_coupled,2029,Ulsan,5255133.355821575,2235036985.176463,425.30547444633646,5,85
shaheen_ncc_h2_flat_coupled,2029,Other,0.0,0.0,0.0,0,18
shaheen_ncc_h2_flat_coupled,2030,Daesan,7201558.664209853,3191302052.417017,443.1404646159559,4,55
shaheen_ncc_h2_flat_coupled,2030,Yeosu,4765848.246890711,2111940206.4162874,443.1404646159557,3,85
shaheen_ncc_h2_flat_coupled,2030,Ulsan,5296270.803445114,2186941750.5003576,412.9210593004039,5,85
shaheen_ncc_h2_flat_coupled,2030,Other,0.0,0.0,0.0,0,18
shaheen_ncc_h2_flat_coupled,2031,Daesan,7237192.234635949,3159355801.1926565,436.54440821297055,4,55
shaheen_ncc_h2_flat_coupled,2031,Yeosu,8252672.611014187,3602658081.1505795,436.5444082129706,4,85
shaheen_ncc_h2_flat_coupled,2031,Ulsan,5604980.385331596,2284819895.4434395,407.6410153767679,6,85
shaheen_ncc_h2_flat_coupled,2031,Other,0.0,0.0,0.0,0,18
shaheen_ncc_h2_flat_coupled,2032,Daesan,7272825.8050620435,3127507574.046444,430.026465348535,4,55
shaheen_ncc_h2_flat_coupled,2032,Yeosu,8293306.075091693,3566341097.525212,430.0264653485349,4,85
shaheen_ncc_h2_flat_coupled,2032,Ulsan,5639201.239074374,2261133690.1760283,400.96701541851235,6,85
shaheen_ncc_h2_flat_coupled,2032,Other,0.0,0.0,0.0,0,18
shaheen_ncc_h2_flat_coupled,2033,Daesan,7308459.375488139,3095828968.269571,423.59528995299337,4,55
shaheen_ncc_h2_flat_coupled,2033,Yeosu,8333939.539169199,3530217535.5450916,423.59528995299326,4,85
shaheen_ncc_h2_flat_coupled,2033,Ulsan,5673422.092817153,2237573306.6657276,394.3957051069075,6,85
shaheen_ncc_h2_flat_coupled,2033,Other,0.0,0.0,0.0,0,18
shaheen_ncc_h2_flat_coupled,2034,Daesan,7874934.76109464,3283228334.388962,416.92133763563817,6,55
shaheen_ncc_h2_flat_coupled,2034,Yeosu,9284810.586335458,3869733375.390428,416.7810790976771,7,85
shaheen_ncc_h2_flat_coupled,2034,Ulsan,6051128.82697078,2355771712.600135,389.3111153244846,8,85
shaheen_ncc_h2_flat_coupled,2034,Other,0.0,0.0,0.0,0,18
shaheen_ncc_h2_flat_coupled,2035,Daesan,8484830.400725752,3480898312.018355,410.24960401337137,8,55
shaheen_ncc_h2_flat_coupled,2035,Yeosu,10177399.147830697,4172960897.0950346,410.02232854201236,9,85
shaheen_ncc_h2_flat_coupled,2035,Ulsan,7008083.8274408,2743439012.9554467,391.4677792827274,10,85
shaheen_ncc_h2_flat_coupled,2035,Other,0.0,0.0,0.0,0,18
shaheen_ncc_h2_flat_coupled,2036,Daesan,9202026.934574284,3730107120.7516594,405.35711830365625,9,55
shaheen_ncc_h2_flat_coupled,2036,Yeosu,10282996.541001007,4129801882.935624,401.6146330954231,9,85
shaheen_ncc_h2_flat_coupled,2036,Ulsan,7092856.872124853,2714402937.597743,382.69529281853,10,85
shaheen_ncc_h2_flat_coupled,2036,Other,0.0,0.0,0.0,0,18
shaheen_ncc_h2_flat_coupled,2037,Daesan,9296391.83590124,3691169259.92692,397.05396728999636,9,55
shaheen_ncc_h2_flat_coupled,2037,Yeosu,10388972.419451501,4086680615.5759954,393.3671638134695,9,85
shaheen_ncc_h2_flat_coupled,2037,Ulsan,7970196.585515085,3035863305.1709166,380.90193542882605,11,85
shaheen_ncc_h2_flat_coupled,2037,Other,0.0,0.0,0.0,0,18
shaheen_ncc_h2_flat_coupled,2038,Daesan,11157838.891897576,4540927575.653994,406.9719611161847,19,55
shaheen_ncc_h2_flat_coupled,2038,Yeosu,10632211.100441637,4246330041.9726954,399.3835338536791,21,85
shaheen_ncc_h2_flat_coupled,2038,Ulsan,8318861.677565941,3317016096.2730465,398.734373143657,22,85
shaheen_ncc_h2_flat_coupled,2038,Other,8888.432251826987,40925390.02818192,4604.342910952586,3,18
shaheen_ncc_h2_flat_coupled,2039,Daesan,11452494.483170591,4494586757.059088,392.454828392528,19,55
shaheen_ncc_h2_flat_coupled,2039,Yeosu,10889785.460915541,4202847968.774425,385.944055909902,21,85
shaheen_ncc_h2_flat_coupled,2039,Ulsan,8655461.301880552,3283606910.4121876,379.36821572973423,22,85
shaheen_ncc_h2_flat_coupled,2039,Other,36679.58839297148,40783388.02818192,1111.882379683323,3,18
shaheen_ncc_h2_flat_coupled,2040,Daesan,11748206.187673975,4448389494.983237,378.64414566118313,19,55
shaheen_ncc_h2_flat_coupled,2040,Yeosu,13051788.62315756,4947641746.288303,379.0776796300385,22,85
shaheen_ncc_h2_flat_coupled,2040,Ulsan,8993267.376461523,3250299710.649807,361.41477558611905,22,85
shaheen_ncc_h2_flat_coupled,2040,Other,64570.35441275804,40641386.02818192,629.4124664143371,3,18
shaheen_ncc_h2_flat_coupled,2041,Daesan,11895005.926695298,4402434646.045449,370.1078144202779,19,55
shaheen_ncc_h2_flat_coupled,2041,Yeosu,13190783.701855585,4896109636.871602,371.17655383757466,22,85
shaheen_ncc_h2_flat_coupled,2041,Ulsan,9160963.96348565,3217164727.1708384,351.1818996334902,22,85
shaheen_ncc_h2_flat_coupled,2041,Other,78416.12754400923,40499384.02818192,516.4675341236734,3,18
shaheen_ncc_h2_flat_coupled,2042,Daesan,12042861.77894699,4356523747.282538,361.75153607579364,19,55
shaheen_ncc_h2_flat_coupled,2042,Yeosu,13330778.74514856,4844626964.331146,363.4166508160103,22,85
shaheen_ncc_h2_flat_coupled,2042,Ulsan,11136331.659533352,3907919206.828496,350.91620169942485,24,85
shaheen_ncc_h2_flat_coupled,2042,Other,92361.51055390252,40357382.02818192,436.95021645005687,3,18
shaheen_ncc_h2_flat_coupled,2043,Daesan,13009653.931101276,4633541578.3601,356.16178592445215,20,55
shaheen_ncc_h2_flat_coupled,2043,Yeosu,13470773.788441537,4793305769.779951,355.8300246933698,22,85
shaheen_ncc_h2_flat_coupled,2043,Ulsan,11315319.648759652,3867055395.5321317,341.753968563851,24,85
shaheen_ncc_h2_flat_coupled,2043,Other,106306.89356379582,40215380.02818192,378.29512913053253,3,18
shaheen_ncc_h2_flat_coupled,2044,Daesan,14807868.329216309,5223008330.358595,352.7184476683564,22,55
shaheen_ncc_h2_flat_coupled,2044,Yeosu,13609768.867139561,4742254721.050205,348.44491242612196,22,85
shaheen_ncc_h2_flat_coupled,2044,Ulsan,11493029.152348619,3826404101.6961203,332.9326020994377,24,85
shaheen_ncc_h2_flat_coupled,2044,Other,120152.666695047,40073378.02818192,333.5205046250867,3,18
shaheen_ncc_h2_flat_coupled,2045,Daesan,14969363.665643487,5166961835.812275,345.16910345835754,22,55
shaheen_ncc_h2_flat_coupled,2045,Yeosu,13749763.910432536,4691255639.157321,341.1880865530981,22,85
shaheen_ncc_h2_flat_coupled,2045,Ulsan,12831212.681721758,4227826696.6936746,329.4954889740292,25,85
shaheen_ncc_h2_flat_coupled,2045,Other,134098.0497049403,39931376.02818192,297.77745549651206,3,18
shaheen_ncc_h2_flat_coupled,2046,Daesan,15130859.002070665,5111092769.979555,337.79263750194883,22,55
shaheen_ncc_h2_flat_coupled,2046,Yeosu,15840937.727271354,5372165324.06838,339.1317746814822,23,85
shaheen_ncc_h2_flat_coupled,2046,Ulsan,13016565.763563285,4182428548.02862,321.3158235435888,25,85
shaheen_ncc_h2_flat_coupled,2046,Other,148043.4327148336,39789374.02818192,268.76824792914385,3,18
shaheen_ncc_h2_flat_coupled,2047,Daesan,15292354.338497845,5055401132.860434,330.58357274220873,22,55
shaheen_ncc_h2_flat_coupled,2047,Yeosu,15991588.1009293,5313288212.026305,332.25519432416723,23,85
shaheen_ncc_h2_flat_coupled,2047,Ulsan,14936977.711547812,4777082302.597312,319.81585531215853,27,85
shaheen_ncc_h2_flat_coupled,2047,Other,161988.81572472685,39647372.02818192,244.75376186190567,3,18
shaheen_ncc_h2_flat_coupled,2048,Daesan,15453849.674925026,4999886924.454912,323.53666106689167,22,55
shaheen_ncc_h2_flat_coupled,2048,Yeosu,16142238.474587247,5254599039.342439,325.5186105455425,23,85
shaheen_ncc_h2_flat_coupled,2048,Ulsan,15713248.606919881,4935633381.083564,314.1064909333888,28,85
shaheen_ncc_h2_flat_coupled,2048,Other,175934.19873462015,39505370.02818192,224.5462810091401,3,18
shaheen_ncc_h2_flat_coupled,2049,Daesan,15615345.011352204,4944664913.640554,316.654221219309,22,55
shaheen_ncc_h2_flat_coupled,2049,Yeosu,18771435.17550373,6080133243.822118,323.90348350969697,25,85
shaheen_ncc_h2_flat_coupled,2049,Ulsan,15911166.546910949,4881168057.196937,306.776253193364,28,85
shaheen_ncc_h2_flat_coupled,2049,Other,189879.58174451347,39363368.02818192,207.30700829721684,3,18
shaheen_ncc_h2_flat_coupled,2050,Daesan,15776840.347779384,4889504636.0392275,309.91659472090896,22,55
shaheen_ncc_h2_flat_coupled,2050,Yeosu,18935402.645529386,6011668368.271992,317.48299631174393,25,85
shaheen_ncc_h2_flat_coupled,2050,Ulsan,16588756.489553513,5033242985.948691,303.4129164002311,30,85
shaheen_ncc_h2_flat_coupled,2050,Other,203824.96475440674,39221366.02818192,192.42670335030166,3,18
shaheen_ncc_h2_flat_decoupled,2025,Daesan,0.0,0.0,0.0,0,55
shaheen_ncc_h2_flat_decoupled,2025,Yeosu,0.0,0.0,0.0,0,85
shaheen_ncc_h2_flat_decoupled,2025,Ulsan,0.0,0.0,0.0,0,85
shaheen_ncc_h2_flat_decoupled,2025,Other,0.0,0.0,0.0,0,18
shaheen_ncc_h2_flat_decoupled,2026,Daesan,4155048.1333335573,2051548035.4339337,493.7483200195795,2,55
shaheen_ncc_h2_flat_decoupled,2026,Yeosu,2838670.0521535464,1401588569.340705,493.74832001957924,2,85
shaheen_ncc_h2_flat_decoupled,2026,Ulsan,4160984.1039243587,1902847904.101223,457.3071794017635,4,85
shaheen_ncc_h2_flat_decoupled,2026,Other,0.0,0.0,0.0,0,18
shaheen_ncc_h2_flat_decoupled,2027,Daesan,4181438.101381992,2010098923.5339336,480.7195215611545,2,55
shaheen_ncc_h2_flat_decoupled,2027,Yeosu,2856699.304660972,1373271122.9807048,480.7195215611543,2,85
shaheen_ncc_h2_flat_decoupled,2027,Ulsan,5172858.460574499,2332663383.394106,450.9428203328493,5,85
shaheen_ncc_h2_flat_decoupled,2027,Other,0.0,0.0,0.0,0,18
shaheen_ncc_h2_flat_decoupled,2028,Daesan,5473900.231913918,2561805209.6240106,468.0036356322647,3,55
shaheen_ncc_h2_flat_decoupled,2028,Yeosu,2874728.5571683985,1345383416.2107048,468.00363563226455,2,85
shaheen_ncc_h2_flat_decoupled,2028,Ulsan,5213995.908198037,2283927292.354106,438.03779914039745,5,85
shaheen_ncc_h2_flat_decoupled,2028,Other,0.0,0.0,0.0,0,18
shaheen_ncc_h2_flat_decoupled,2029,Daesan,7156952.612021791,3259388159.528816,455.4156407370792,4,55
shaheen_ncc_h2_flat_decoupled,2029,Yeosu,2892757.809675825,1317407151.390705,455.41564073707906,2,85
shaheen_ncc_h2_flat_decoupled,2029,Ulsan,5255133.355821575,2235037027.714106,425.30548254083,5,85
shaheen_ncc_h2_flat_decoupled,2029,Other,0.0,0.0,0.0,0,18
shaheen_ncc_h2_flat_decoupled,2030,Daesan,7201558.664209853,3191302370.428817,443.1405087747019,4,55
shaheen_ncc_h2_flat_decoupled,2030,Yeosu,4765848.246890711,2111940416.87017,443.1405087747018,3,85
shaheen_ncc_h2_flat_decoupled,2030,Ulsan,5296270.803445114,2186941974.274106,412.92110155159475,5,85
shaheen_ncc_h2_flat_decoupled,2030,Other,0.0,0.0,0.0,0,18
shaheen_ncc_h2_flat_decoupled,2031,Daesan,7237192.234635949,3159355925.303817,436.54442536204664,4,55
shaheen_ncc_h2_flat_decoupled,2031,Yeosu,8252672.611014187,3602658222.6762896,436.54442536204664,4,85
shaheen_ncc_h2_flat_decoupled,2031,Ulsan,5604980.385331596,2284819987.506628,407.6410318020151,6,85
shaheen_ncc_h2_flat_decoupled,2031,Other,0.0,0.0,0.0,0,18
shaheen_ncc_h2_flat_decoupled,2032,Daesan,7272825.8050620435,3127507883.3788166,430.02650788116,4,55
shaheen_ncc_h2_flat_decoupled,2032,Yeosu,8293306.075091693,3566341450.2612896,430.02650788115994,4,85
shaheen_ncc_h2_flat_decoupled,2032,Ulsan,5639201.239074374,2261133919.6326284,400.9670561080693,6,85
shaheen_ncc_h2_flat_decoupled,2032,Other,0.0,0.0,0.0,0,18
shaheen_ncc_h2_flat_decoupled,2033,Daesan,7308459.375488139,3095828971.9538164,423.59529045710036,4,55
shaheen_ncc_h2_flat_decoupled,2033,Yeosu,8333939.539169199,3530217539.74629,423.5952904571004,4,85
shaheen_ncc_h2_flat_decoupled,2033,Ulsan,5673422.092817153,2237573309.398628,394.3957055886098,6,85
shaheen_ncc_h2_flat_decoupled,2033,Other,0.0,0.0,0.0,0,18
shaheen_ncc_h2_flat_decoupled,2034,Daesan,8129426.572489953,3388244380.8821883,416.78762341590436,7,55
shaheen_ncc_h2_flat_decoupled,2034,Yeosu,9284810.586335458,3869733276.330207,416.78106842861496,7,85
shaheen_ncc_h2_flat_decoupled,2034,Ulsan,6051128.82697078,2355771650.77788,389.3111051078364,8,85
shaheen_ncc_h2_flat_decoupled,2034,Other,0.0,0.0,0.0,0,18
shaheen_ncc_h2_flat_decoupled,2035,Daesan,8484830.400725752,3480898562.6860533,410.2496335564131,8,55
shaheen_ncc_h2_flat_decoupled,2035,Yeosu,10177399.147830697,4172961197.5485053,410.02235806364814,9,85
shaheen_ncc_h2_flat_decoupled,2035,Ulsan,7008083.8274408,2743439214.661036,391.4678080645734,10,85
shaheen_ncc_h2_flat_decoupled,2035,Other,0.0,0.0,0.0,0,18
shaheen_ncc_h2_flat_decoupled,2036,Daesan,9202026.934574284,3730107149.1152163,405.3571213859725,9,55
shaheen_ncc_h2_flat_decoupled,2036,Yeosu,10282996.541001007,4129801914.346505,401.61463615006585,9,85
shaheen_ncc_h2_flat_decoupled,2036,Ulsan,7092856.872124853,2714402958.6850357,382.6952957915623,10,85
shaheen_ncc_h2_flat_decoupled,2036,Other,0.0,0.0,0.0,0,18
shaheen_ncc_h2_flat_decoupled,2037,Daesan,9296391.83590124,3691169325.036216,397.05397429371317,9,55
shaheen_ncc_h2_flat_decoupled,2037,Yeosu,12228153.972073376,4900274331.832193,400.7370485376146,10,85
shaheen_ncc_h2_flat_decoupled,2037,Ulsan,7177933.762847199,2685392251.4770355,374.1177252674797,10,85
shaheen_ncc_h2_flat_decoupled,2037,Other,0.0,0.0,0.0,0,18
shaheen_ncc_h2_flat_decoupled,2038,Daesan,9390419.719723454,3652352731.2202163,388.9445669344136,9,55
shaheen_ncc_h2_flat_decoupled,2038,Yeosu,12355167.126760786,4848776384.968194,392.44927528871244,10,85
shaheen_ncc_h2_flat_decoupled,2038,Ulsan,7262706.8075312525,2656471674.6450357,365.76881664703006,10,85
shaheen_ncc_h2_flat_decoupled,2038,Other,0.0,0.0,0.0,0,18
shaheen_ncc_h2_flat_decoupled,2039,Daesan,11452494.483170591,4494586334.461562,392.45479149248615,19,55
shaheen_ncc_h2_flat_decoupled,2039,Yeosu,12771798.536571609,4999446056.132841,391.4441683226601,22,85
shaheen_ncc_h2_flat_decoupled,2039,Ulsan,7844747.9769825535,2940456493.938505,374.83122498850986,21,85
shaheen_ncc_h2_flat_decoupled,2039,Other,36679.58839297148,40783388.02818192,1111.882379683323,3,18
shaheen_ncc_h2_flat_decoupled,2040,Daesan,11748206.187673975,4448389655.527562,378.64415932661615,19,55
shaheen_ncc_h2_flat_decoupled,2040,Yeosu,13051788.62315756,4947641926.874842,379.0776934661911,22,85
shaheen_ncc_h2_flat_decoupled,2040,Ulsan,8173295.735032286,2910792893.7345047,356.1345371681949,21,85
shaheen_ncc_h2_flat_decoupled,2040,Other,64570.35441275804,40641386.02818192,629.4124664143371,3,18
shaheen_ncc_h2_flat_decoupled,2041,Daesan,12704849.237147568,4732320256.3412,372.4814177648343,20,55
shaheen_ncc_h2_flat_decoupled,2041,Yeosu,13190783.701855585,4896110079.206841,371.17658737123344,22,85
shaheen_ncc_h2_flat_decoupled,2041,Ulsan,8336396.229206976,2881281876.4505053,345.62679090945704,21,85
shaheen_ncc_h2_flat_decoupled,2041,Other,78416.12754400923,40499384.02818192,516.4675341236734,3,18
shaheen_ncc_h2_flat_decoupled,2042,Daesan,13864133.525071066,5086314615.164006,366.86855373732664,21,55
shaheen_ncc_h2_flat_decoupled,2042,Yeosu,14279913.04536444,5224948545.264097,365.8949833003518,23,85
shaheen_ncc_h2_flat_decoupled,2042,Ulsan,8500670.10823184,2851797827.310506,335.4791788177846,21,85
shaheen_ncc_h2_flat_decoupled,2042,Other,92361.51055390252,40357382.02818192,436.95021645005687,3,18
shaheen_ncc_h2_flat_decoupled,2043,Daesan,14022156.992799029,5032621670.936007,358.904958311369,21,55
shaheen_ncc_h2_flat_decoupled,2043,Yeosu,14425206.821600743,5169497467.512097,358.36557017478145,23,85
shaheen_ncc_h2_flat_decoupled,2043,Ulsan,9588108.543510541,3186272268.816387,332.3149977242312,22,85
shaheen_ncc_h2_flat_decoupled,2043,Other,106306.89356379582,40215380.02818192,378.29512913053253,3,18
shaheen_ncc_h2_flat_decoupled,2044,Daesan,14179051.721471794,4979209394.144007,351.16660069755085,21,55
shaheen_ncc_h2_flat_decoupled,2044,Yeosu,14569462.78514964,5114336750.684097,351.0312511932175,23,85
shaheen_ncc_h2_flat_decoupled,2044,Ulsan,11223536.320458114,3721918656.3618135,331.61728621820816,24,85
shaheen_ncc_h2_flat_decoupled,2044,Other,120152.666695047,40073378.02818192,333.5205046250867,3,18
shaheen_ncc_h2_flat_decoupled,2045,Daesan,14337075.189199759,4925852721.278006,343.5744498981698,21,55
shaheen_ncc_h2_flat_decoupled,2045,Yeosu,14714756.56138594,5059233558.190097,343.82040484899346,23,85
shaheen_ncc_h2_flat_decoupled,2045,Ulsan,12560231.906103017,4124494139.4095063,328.3772282425307,25,85
shaheen_ncc_h2_flat_decoupled,2045,Other,134098.0497049403,39931376.02818192,297.77745549651206,3,18
shaheen_ncc_h2_flat_decoupled,2046,Daesan,15130859.002070665,5111092292.220475,337.79260592680293,22,55
shaheen_ncc_h2_flat_decoupled,2046,Yeosu,16811229.111168087,5736051525.887733,341.2035781534345,24,85
shaheen_ncc_h2_flat_decoupled,2046,Ulsan,13198211.576461269,4250550480.019126,322.0550341532555,26,85
shaheen_ncc_h2_flat_decoupled,2046,Other,148043.4327148336,39789374.02818192,268.76824792914385,3,18
shaheen_ncc_h2_flat_decoupled,2047,Daesan,15292354.338497845,5055401075.079474,330.5835689637873,22,55
shaheen_ncc_h2_flat_decoupled,2047,Yeosu,16967178.217769355,5673096664.785732,334.35710947176955,24,85
shaheen_ncc_h2_flat_decoupled,2047,Ulsan,13384556.620788286,4204532039.033127,314.133083235857,26,85
shaheen_ncc_h2_flat_decoupled,2047,Other,161988.81572472685,39647372.02818192,244.75376186190567,3,18
shaheen_ncc_h2_flat_decoupled,2048,Daesan,15453849.674925026,4999886581.359475,323.5366388655992,22,55
shaheen_ncc_h2_flat_decoupled,2048,Yeosu,17123127.324370626,5610342102.495733,327.64704695682366,24,85
shaheen_ncc_h2_flat_decoupled,2048,Ulsan,14856309.830198051,4624843155.488065,311.30497467730925,27,85
shaheen_ncc_h2_flat_decoupled,2048,Other,175934.19873462015,39505370.02818192,224.5462810091401,3,18
shaheen_ncc_h2_flat_decoupled,2049,Daesan,15615345.011352204,4944664307.469475,316.654182400373,22,55
shaheen_ncc_h2_flat_decoupled,2049,Yeosu,18771435.17550373,6080132488.755838,323.9034432854801,25,85
shaheen_ncc_h2_flat_decoupled,2049,Ulsan,15049598.611923499,4573910042.348063,303.92239423078337,27,85
shaheen_ncc_h2_flat_decoupled,2049,Other,189879.58174451347,39363368.02818192,207.30700829721684,3,18
shaheen_ncc_h2_flat_decoupled,2050,Daesan,15776840.347779384,4889504652.114474,309.91659573982315,22,55
shaheen_ncc_h2_flat_decoupled,2050,Yeosu,18935402.645529386,6011668388.295839,317.4829973692259,25,85
shaheen_ncc_h2_flat_decoupled,2050,Ulsan,16588756.489553513,5033243002.368022,303.4129173900178,30,85
shaheen_ncc_h2_flat_decoupled,2050,Other,203824.96475440674,39221366.02818192,192.42670335030166,3,18
shaheen_ncc_elec_rising_coupled,2025,Daesan,0.0,0.0,0.0,0,55
shaheen_ncc_elec_rising_coupled,2025,Yeosu,0.0,0.0,0.0,0,85
shaheen_ncc_elec_rising_coupled,2025,Ulsan,0.0,0.0,0.0,0,85
shaheen_ncc_elec_rising_coupled,2025,Other,0.0,0.0,0.0,0,18
shaheen_ncc_elec_rising_coupled,2026,Daesan,0.0,0.0,0.0,0,55
shaheen_ncc_elec_rising_coupled,2026,Yeosu,0.0,0.0,0.0,0,85
shaheen_ncc_elec_rising_coupled,2026,Ulsan,189787.6579064445,-44922292.03002514,-236.6976468626295,2,85
shaheen_ncc_elec_rising_coupled,2026,Other,0.0,0.0,0.0,0,18
shaheen_ncc_elec_rising_coupled,2027,Daesan,0.0,0.0,0.0,0,55
shaheen_ncc_elec_rising_coupled,2027,Yeosu,0.0,0.0,0.0,0,85
shaheen_ncc_elec_rising_coupled,2027,Ulsan,199537.3913201637,-43327755.47465952,-217.14103400870286,2,85
shaheen_ncc_elec_rising_coupled,2027,Other,0.0,0.0,0.0,0,18
shaheen_ncc_elec_rising_coupled,2028,Daesan,0.0,0.0,0.0,0,55
shaheen_ncc_elec_rising_coupled,2028,Yeosu,0.0,0.0,0.0,0,85
shaheen_ncc_elec_rising_coupled,2028,Ulsan,209287.12473388296,-41728342.18352578,-199.38322644828273,2,85
shaheen_ncc_elec_rising_coupled,2028,Other,0.0,0.0,0.0,0,18
shaheen_ncc_elec_rising_coupled,2029,Daesan,136367.91775928484,2424969950.9824576,17782.554656755765,8,55
shaheen_ncc_elec_rising_coupled,2029,Yeosu,165221.27935398772,2907086051.1890774,17595.10677169268,9,85
shaheen_ncc_elec_rising_coupled,2029,Ulsan,315460.4255573732,1689600647.7666454,5355.982909049096,9,85
shaheen_ncc_elec_rising_coupled,2029,Other,0.0,0.0,0.0,0,18
shaheen_ncc_elec_rising_coupled,2030,Daesan,574027.1659597064,2510765580.2686815,4373.949055304682,8,55
shaheen_ncc_elec_rising_coupled,2030,Yeosu,690927.5281053666,3009899811.0454235,4356.317686891198,9,85
shaheen_ncc_elec_rising_coupled,2030,Ulsan,636889.4676349736,1752417274.7185152,2751.524972183862,9,85
shaheen_ncc_elec_rising_coupled,2030,Other,0.0,0.0,0.0,0,18
shaheen_ncc_elec_rising_coupled,2031,Daesan,923651.5079129153,2599313885.8049436,2814.171647571234,8,55
shaheen_ncc_elec_rising_coupled,2031,Yeosu,1110888.2670504316,3116013023.4420524,2804.974285771796,9,85
shaheen_ncc_elec_rising_coupled,2031,Ulsan,893663.2426279974,1817316400.3421009,2033.558407301071,9,85
shaheen_ncc_elec_rising_coupled,2031,Other,0.0,0.0,0.0,0,18
shaheen_ncc_elec_rising_coupled,2032,Daesan,1476775.0436838493,4248000042.4414988,2876.5383465884993,13,55
shaheen_ncc_elec_rising_coupled,2032,Yeosu,1800895.3295450844,5292419701.945283,2938.771407265616,13,85
shaheen_ncc_elec_rising_coupled,2032,Ulsan,1444273.136340453,4134751632.2149854,2862.859889987122,17,85
shaheen_ncc_elec_rising_coupled,2032,Other,0.0,0.0,0.0,0,18
shaheen_ncc_elec_rising_coupled,2033,Daesan,2029449.3550450355,4387375109.297527,2161.8549378386274,13,55
shaheen_ncc_elec_rising_coupled,2033,Yeosu,2490306.2648609253,5465980749.268616,2194.903023132326,13,85
shaheen_ncc_elec_rising_coupled,2033,Ulsan,1994234.386908345,4273040425.8421507,2142.697194418872,17,85
shaheen_ncc_elec_rising_coupled,2033,Other,0.0,0.0,0.0,0,18
shaheen_ncc_elec_rising_coupled,2034,Daesan,2582123.6664062236,4527137363.000283,1753.2612484440422,13,55
shaheen_ncc_elec_rising_coupled,2034,Yeosu,3179717.200176769,5640023954.684341,1773.750179535085,13,85
shaheen_ncc_elec_rising_coupled,2034,Ulsan,2544195.63747624,4411713497.712678,1734.0307611284782,17,85
shaheen_ncc_elec_rising_coupled,2034,Other,0.0,0.0,0.0,0,18
shaheen_ncc_elec_rising_coupled,2035,Daesan,3134797.97776741,4666512429.856311,1488.6166390791732,13,55
shaheen_ncc_elec_rising_coupled,2035,Yeosu,3869128.13549261,5813585002.007673,1502.5568547802823,13,85
shaheen_ncc_elec_rising_coupled,2035,Ulsan,3094156.8880441315,4550002291.339845,1470.5144102165993,17,85
shaheen_ncc_elec_rising_coupled,2035,Other,0.0,0.0,0.0,0,18
shaheen_ncc_elec_rising_coupled,2036,Daesan,4244122.67467224,4806274683.559068,1132.4542318820322,13,55
shaheen_ncc_elec_rising_coupled,2036,Yeosu,5252909.797025849,5987628207.423399,1139.868841991831,13,85
shaheen_ncc_elec_rising_coupled,2036,Ulsan,4198035.944939401,4688675363.210373,1116.8735629485075,17,85
shaheen_ncc_elec_rising_coupled,2036,Other,0.0,0.0,0.0,0,18
shaheen_ncc_elec_rising_coupled,2037,Daesan,5357423.4457595255,4945649750.415096,923.139602550858,13,55
shaheen_ncc_elec_rising_coupled,2037,Yeosu,6641651.249460639,6161189254.746733,927.6592557079952,13,85
shaheen_ncc_elec_rising_coupled,2037,Ulsan,5305871.557594149,4826964156.837538,909.740106680275,17,85
shaheen_ncc_elec_rising_coupled,2037,Other,0.0,0.0,0.0,0,18
shaheen_ncc_elec_rising_coupled,2038,Daesan,6711339.974650886,5711199020.701756,850.977456405618,22,55
shaheen_ncc_elec_rising_coupled,2038,Yeosu,8163074.198813701,6886111821.317247,843.5684465930705,25,85
shaheen_ncc_elec_rising_coupled,2038,Ulsan,6782030.978147233,6037034347.534704,890.1513966814624,30,85
shaheen_ncc_elec_rising_coupled,2038,Other,8888.432251826987,109447218.78208075,12313.444675193901,3,18
shaheen_ncc_elec_rising_coupled,2039,Daesan,8003764.401887909,5870375338.410516,733.4517913877908,22,55
shaheen_ncc_elec_rising_coupled,2039,Yeosu,9698832.827650532,7077066993.703981,729.6823359536496,25,85
shaheen_ncc_elec_rising_coupled,2039,Ulsan,8180128.278955792,6207696263.016632,758.8751730197873,30,85
shaheen_ncc_elec_rising_coupled,2039,Other,36679.58839297148,112851794.70255338,3076.6919599397133,3,18
shaheen_ncc_elec_rising_coupled,2040,Daesan,9300821.174742267,6029995017.359438,648.3293145915725,22,55
shaheen_ncc_elec_rising_coupled,2040,Yeosu,11240095.967701828,7268553706.409174,646.6629579760889,25,85
shaheen_ncc_elec_rising_coupled,2040,Ulsan,9583236.681200942,6378833899.79769,665.6241635261704,30,85
shaheen_ncc_elec_rising_coupled,2040,Other,64570.35441275804,116266087.27486295,1800.6109511440234,3,18
shaheen_ncc_elec_rising_coupled,2041,Daesan,9944717.215552108,6189171335.068197,622.3577001655938,22,55
shaheen_ncc_elec_rising_coupled,2041,Yeosu,12005223.02651301,7459508878.795908,621.355293635271,25,85
shaheen_ncc_elec_rising_coupled,2041,Ulsan,10279779.780886928,6549495815.279618,637.1241363999857,30,85
shaheen_ncc_elec_rising_coupled,2041,Other,78416.12754400923,119670663.19533557,1526.097589149288,3,18
shaheen_ncc_elec_rising_coupled,2042,Daesan,10593245.601979287,6348791014.017118,599.3244424381969,22,55
shaheen_ncc_elec_rising_coupled,2042,Yeosu,12775854.59653866,7650995591.501099,598.8637029082947,25,85
shaheen_ncc_elec_rising_coupled,2042,Ulsan,10981333.982009502,6720633452.060675,612.0051956411628,30,85
shaheen_ncc_elec_rising_coupled,2042,Other,92361.51055390252,123084955.76764514,1332.643381745173,3,18
shaheen_ncc_elec_rising_coupled,2043,Daesan,11241773.988406466,6507967331.72588,578.9092841074269,22,55
shaheen_ncc_elec_rising_coupled,2043,Yeosu,13546486.166564308,7841950763.887835,578.8918740598197,25,85
shaheen_ncc_elec_rising_coupled,2043,Ulsan,11682888.183132078,6891295367.5426035,589.8623062653595,30,85
shaheen_ncc_elec_rising_coupled,2043,Other,106306.89356379582,126489531.68811777,1189.8525810295655,3,18
shaheen_ncc_elec_rising_coupled,2044,Daesan,11885670.029216308,6667587010.674801,560.9769574862103,22,55
shaheen_ncc_elec_rising_coupled,2044,Yeosu,14311613.225375488,8033437476.593026,561.3229864505548,25,85
shaheen_ncc_elec_rising_coupled,2044,Ulsan,12379431.282818062,7062433004.323659,570.4973712424019,30,85
shaheen_ncc_elec_rising_coupled,2044,Other,120152.666695047,129903824.2604273,1081.1563973867446,3,18
shaheen_ncc_elec_rising_coupled,2045,Daesan,12534198.415643487,6826763328.38356,544.6509702497864,22,55
shaheen_ncc_elec_rising_coupled,2045,Yeosu,15082244.795401137,8224392648.979761,545.3029546031195,25,85
shaheen_ncc_elec_rising_coupled,2045,Ulsan,13080985.483940639,7233094919.805588,552.9472476431969,30,85
shaheen_ncc_elec_rising_coupled,2045,Other,134098.0497049403,133308400.18089996,994.1114018751367,3,18
shaheen_ncc_elec_rising_coupled,2046,Daesan,13182726.802070666,6986383007.332483,529.9649391380168,22,55
shaheen_ncc_elec_rising_coupled,2046,Yeosu,15852876.365426788,8415879361.684952,530.873966824025,25,85
shaheen_ncc_elec_rising_coupled,2046,Ulsan,13782539.685063211,7404232556.586644,537.2183012548087,30,85
shaheen_ncc_elec_rising_coupled,2046,Other,148043.4327148336,136722692.7532095,923.5309547068496,3,18
shaheen_ncc_elec_rising_coupled,2047,Daesan,13831255.188497843,7145559325.041243,516.6240682901674,22,55
shaheen_ncc_elec_rising_coupled,2047,Yeosu,16623507.935452437,8606834534.071688,517.7508001013529,25,85
shaheen_ncc_elec_rising_coupled,2047,Ulsan,14484093.886185784,7574894472.068574,522.9802106773925,30,85
shaheen_ncc_elec_rising_coupled,2047,Other,161988.81572472685,140127268.67368215,865.0428614269593,3,18
shaheen_ncc_elec_rising_coupled,2048,Daesan,14479783.574925024,7305179003.990164,504.5088530632952,22,55
shaheen_ncc_elec_rising_coupled,2048,Yeosu,17394139.505478088,8798321246.77688,505.82101195669657,25,85
shaheen_ncc_elec_rising_coupled,2048,Ulsan,15185648.087308362,7746032108.84963,510.0890040592667,30,85
shaheen_ncc_elec_rising_coupled,2048,Other,175934.19873462015,143541561.2459917,815.8820870438633,3,18
shaheen_ncc_elec_rising_coupled,2049,Daesan,15128311.961352203,7464355321.698925,493.40305387460717,22,55
shaheen_ncc_elec_rising_coupled,2049,Yeosu,18164771.075503737,8989276419.163614,494.87419256751235,25,85
shaheen_ncc_elec_rising_coupled,2049,Ulsan,15887202.288430937,7916694024.331559,498.3063651236125,30,85
shaheen_ncc_elec_rising_coupled,2049,Other,189879.58174451347,146946137.16646436,773.8911989188133,3,18
shaheen_ncc_elec_rising_coupled,2050,Daesan,15776840.347779384,7623975000.647845,483.2383945446296,22,55
shaheen_ncc_elec_rising_coupled,2050,Yeosu,18935402.645529386,9180763131.868807,484.84647006100863,25,85
shaheen_ncc_elec_rising_coupled,2050,Ulsan,16588756.489553513,8087831661.112615,487.5490014098277,30,85
shaheen_ncc_elec_rising_coupled,2050,Other,203824.96475440674,150360429.7387739,737.6938831803384,3,18
shaheen_ncc_elec_rising_decoupled,2025,Daesan,0.0,0.0,0.0,0,55
shaheen_ncc_elec_rising_decoupled,2025,Yeosu,0.0,0.0,0.0,0,85
shaheen_ncc_elec_rising_decoupled,2025,Ulsan,0.0,0.0,0.0,0,85
shaheen_ncc_elec_rising_decoupled,2025,Other,0.0,0.0,0.0,0,18
shaheen_ncc_elec_rising_decoupled,2026,Daesan,0.0,0.0,0.0,0,55
shaheen_ncc_elec_rising_decoupled,2026,Yeosu,0.0,0.0,0.0,0,85
shaheen_ncc_elec_rising_decoupled,2026,Ulsan,189787.6579064445,-44922292.03002514,-236.6976468626295,2,85
shaheen_ncc_elec_rising_decoupled,2026,Other,0.0,0.0,0.0,0,18
shaheen_ncc_elec_rising_decoupled,2027,Daesan,0.0,0.0,0.0,0,55
shaheen_ncc_elec_rising_decoupled,2027,Yeosu,0.0,0.0,0.0,0,85
shaheen_ncc_elec_rising_decoupled,2027,Ulsan,199537.3913201637,-43327755.47465952,-217.14103400870286,2,85
shaheen_ncc_elec_rising_decoupled,2027,Other,0.0,0.0,0.0,0,18
shaheen_ncc_elec_rising_decoupled,2028,Daesan,0.0,0.0,0.0,0,55
shaheen_ncc_elec_rising_decoupled,2028,Yeosu,0.0,0.0,0.0,0,85
shaheen_ncc_elec_rising_decoupled,2028,Ulsan,209287.12473388296,-41728342.18352578,-199.38322644828273,2,85
shaheen_ncc_elec_rising_decoupled,2028,Other,0.0,0.0,0.0,0,18
shaheen_ncc_elec_rising_decoupled,2029,Daesan,136367.91775928484,2424969950.9824576,17782.554656755765,8,55
shaheen_ncc_elec_rising_decoupled,2029,Yeosu,165221.27935398772,2907086051.1890774,17595.10677169268,9,85
shaheen_ncc_elec_rising_decoupled,2029,Ulsan,315460.4255573732,1689600647.7666454,5355.982909049096,9,85
shaheen_ncc_elec_rising_decoupled,2029,Other,0.0,0.0,0.0,0,18
shaheen_ncc_elec_rising_decoupled,2030,Daesan,574027.1659597064,2510765580.2686815,4373.949055304682,8,55
shaheen_ncc_elec_rising_decoupled,2030,Yeosu,690927.5281053666,3009899811.0454235,4356.317686891198,9,85
shaheen_ncc_elec_rising_decoupled,2030,Ulsan,636889.4676349736,1752417274.7185152,2751.524972183862,9,85
shaheen_ncc_elec_rising_decoupled,2030,Other,0.0,0.0,0.0,0,18
shaheen_ncc_elec_rising_decoupled,2031,Daesan,923651.5079129153,2599313885.8049436,2814.171647571234,8,55
shaheen_ncc_elec_rising_decoupled,2031,Yeosu,1110888.2670504316,3116013023.4420524,2804.974285771796,9,85
shaheen_ncc_elec_rising_decoupled,2031,Ulsan,893663.2426279974,1817316400.3421009,2033.558407301071,9,85
shaheen_ncc_elec_rising_decoupled,2031,Other,0.0,0.0,0.0,0,18
shaheen_ncc_elec_rising_decoupled,2032,Daesan,1476775.0436838493,4248000042.4414988,2876.5383465884993,13,55
shaheen_ncc_elec_rising_decoupled,2032,Yeosu,1800895.3295450844,5292419701.945283,2938.771407265616,13,85
shaheen_ncc_elec_rising_decoupled,2032,Ulsan,1444273.136340453,4134751632.2149854,2862.859889987122,17,85
shaheen_ncc_elec_rising_decoupled,2032,Other,0.0,0.0,0.0,0,18
shaheen_ncc_elec_rising_decoupled,2033,Daesan,2029449.3550450355,4387375109.297527,2161.8549378386274,13,55
shaheen_ncc_elec_rising_decoupled,2033,Yeosu,2490306.2648609253,5465980749.268616,2194.903023132326,13,85
shaheen_ncc_elec_rising_decoupled,2033,Ulsan,1994234.386908345,4273040425.8421507,2142.697194418872,17,85
shaheen_ncc_elec_rising_decoupled,2033,Other,0.0,0.0,0.0,0,18
shaheen_ncc_elec_rising_decoupled,2034,Daesan,2582123.6664062236,4527137363.000283,1753.2612484440422,13,55
shaheen_ncc_elec_rising_decoupled,2034,Yeosu,3179717.200176769,5640023954.684341,1773.750179535085,13,85
shaheen_ncc_elec_rising_decoupled,2034,Ulsan,2544195.63747624,4411713497.712678,1734.0307611284782,17,85
shaheen_ncc_elec_rising_decoupled,2034,Other,0.0,0.0,0.0,0,18
shaheen_ncc_elec_rising_decoupled,2035,Daesan,3134797.97776741,4666512429.856311,1488.6166390791732,13,55
shaheen_ncc_elec_rising_decoupled,2035,Yeosu,3869128.13549261,5813585002.007673,1502.5568547802823,13,85
shaheen_ncc_elec_rising_decoupled,2035,Ulsan,3094156.8880441315,4550002291.339845,1470.5144102165993,17,85
shaheen_ncc_elec_rising_decoupled,2035,Other,0.0,0.0,0.0,0,18
shaheen_ncc_elec_rising_decoupled,2036,Daesan,4244122.67467224,4806274683.559068,1132.4542318820322,13,55
shaheen_ncc_elec_rising_decoupled,2036,Yeosu,5252909.797025849,5987628207.423399,1139.868841991831,13,85
shaheen_ncc_elec_rising_decoupled,2036,Ulsan,4198035.944939401,4688675363.210373,1116.8735629485075,17,85
shaheen_ncc_elec_rising_decoupled,2036,Other,0.0,0.0,0.0,0,18
shaheen_ncc_elec_rising_decoupled,2037,Daesan,5357423.4457595255,4945649750.415096,923.139602550858,13,55
shaheen_ncc_elec_rising_decoupled,2037,Yeosu,6641651.249460639,6161189254.746733,927.6592557079952,13,85
shaheen_ncc_elec_rising_decoupled,2037,Ulsan,5305871.557594149,4826964156.837538,909.740106680275,17,85
shaheen_ncc_elec_rising_decoupled,2037,Other,0.0,0.0,0.0,0,18
shaheen_ncc_elec_rising_decoupled,2038,Daesan,6711339.974650886,5711199020.701756,850.977456405618,22,55
shaheen_ncc_elec_rising_decoupled,2038,Yeosu,8163074.198813701,6886111821.317247,843.5684465930705,25,85
shaheen_ncc_elec_rising_decoupled,2038,Ulsan,6782030.978147233,6037034347.534704,890.1513966814624,30,85
shaheen_ncc_elec_rising_decoupled,2038,Other,8888.432251826987,109447218.78208075,12313.444675193901,3,18
shaheen_ncc_elec_rising_decoupled,2039,Daesan,8003764.401887909,5870375338.410516,733.4517913877908,22,55
shaheen_ncc_elec_rising_decoupled,2039,Yeosu,9698832.827650532,7077066993.703981,729.6823359536496,25,85
shaheen_ncc_elec_rising_decoupled,2039,Ulsan,8180128.278955792,6207696263.016632,758.8751730197873,30,85
shaheen_ncc_elec_rising_decoupled,2039,Other,36679.58839297148,112851794.70255338,3076.6919599397133,3,18
shaheen_ncc_elec_rising_decoupled,2040,Daesan,9300821.174742267,6029995017.359438,648.3293145915725,22,55
shaheen_ncc_elec_rising_decoupled,2040,Yeosu,11240095.967701828,7268553706.409174,646.6629579760889,25,85
shaheen_ncc_elec_rising_decoupled,2040,Ulsan,9583236.681200942,6378833899.79769,665.6241635261704,30,85
shaheen_ncc_elec_rising_decoupled,2040,Other,64570.35441275804,116266087.27486295,1800.6109511440234,3,18
shaheen_ncc_elec_rising_decoupled,2041,Daesan,9944717.215552108,6189171335.068197,622.3577001655938,22,55
shaheen_ncc_elec_rising_decoupled,2041,Yeosu,12005223.02651301,7459508878.795908,621.355293635271,25,85
shaheen_ncc_elec_rising_decoupled,2041,Ulsan,10279779.780886928,6549495815.279618,637.1241363999857,30,85
shaheen_ncc_elec_rising_decoupled,2041,Other,78416.12754400923,119670663.19533557,1526.097589149288,3,18
shaheen_ncc_elec_rising_decoupled,2042,Daesan,10593245.601979287,6348791014.017118,599.3244424381969,22,55
shaheen_ncc_elec_rising_decoupled,2042,Yeosu,12775854.59653866,7650995591.501099,598.8637029082947,25,85
shaheen_ncc_elec_rising_decoupled,2042,Ulsan,10981333.982009502,6720633452.060675,612.0051956411628,30,85
shaheen_ncc_elec_rising_decoupled,2042,Other,92361.51055390252,123084955.76764514,1332.643381745173,3,18
shaheen_ncc_elec_rising_decoupled,2043,Daesan,11241773.988406466,6507967331.72588,578.9092841074269,22,55
shaheen_ncc_elec_rising_decoupled,2043,Yeosu,13546486.166564308,7841950763.887835,578.8918740598197,25,85
shaheen_ncc_elec_rising_decoupled,2043,Ulsan,11682888.183132078,6891295367.5426035,589.8623062653595,30,85
shaheen_ncc_elec_rising_decoupled,2043,Other,106306.89356379582,126489531.68811777,1189.8525810295655,3,18
shaheen_ncc_elec_rising_decoupled,2044,Daesan,11885670.029216308,6667587010.674801,560.9769574862103,22,55
shaheen_ncc_elec_rising_decoupled,2044,Yeosu,14311613.225375488,8033437476.593026,561.3229864505548,25,85
shaheen_ncc_elec_rising_decoupled,2044,Ulsan,12379431.282818062,7062433004.323659,570.4973712424019,30,85
shaheen_ncc_elec_rising_decoupled,2044,Other,120152.666695047,129903824.2604273,1081.1563973867446,3,18
shaheen_ncc_elec_rising_decoupled,2045,Daesan,12534198.415643487,6826763328.38356,544.6509702497864,22,55
shaheen_ncc_elec_rising_decoupled,2045,Yeosu,15082244.795401137,8224392648.979761,545.3029546031195,25,85
shaheen_ncc_elec_rising_decoupled,2045,Ulsan,13080985.483940639,7233094919.805588,552.9472476431969,30,85
shaheen_ncc_elec_rising_decoupled,2045,Other,134098.0497049403,133308400.18089996,994.1114018751367,3,18
shaheen_ncc_elec_rising_decoupled,2046,Daesan,13182726.802070666,6986383007.332483,529.9649391380168,22,55
shaheen_ncc_elec_rising_decoupled,2046,Yeosu,15852876.365426788,8415879361.684952,530.873966824025,25,85
shaheen_ncc_elec_rising_decoupled,2046,Ulsan,13782539.685063211,7404232556.586644,537.2183012548087,30,85
shaheen_ncc_elec_rising_decoupled,2046,Other,148043.4327148336,136722692.7532095,923.5309547068496,3,18
shaheen_ncc_elec_rising_decoupled,2047,Daesan,13831255.188497843,7145559325.041243,516.6240682901674,22,55
shaheen_ncc_elec_rising_decoupled,2047,Yeosu,16623507.935452437,8606834534.071688,517.7508001013529,25,85
shaheen_ncc_elec_rising_decoupled,2047,Ulsan,14484093.886185784,7574894472.068574,522.9802106773925,30,85
shaheen_ncc_elec_rising_decoupled,2047,Other,161988.81572472685,140127268.67368215,865.0428614269593,3,18
shaheen_ncc_elec_rising_decoupled,2048,Daesan,14479783.574925024,7305179003.990164,504.5088530632952,22,55
shaheen_ncc_elec_rising_decoupled,2048,Yeosu,17394139.505478088,8798321246.77688,505.82101195669657,25,85
shaheen_ncc_elec_rising_decoupled,2048,Ulsan,15185648.087308362,7746032108.84963,510.0890040592667,30,85
shaheen_ncc_elec_rising_decoupled,2048,Other,175934.19873462015,143541561.2459917,815.8820870438633,3,18
shaheen_ncc_elec_rising_decoupled,2049,Daesan,15128311.961352203,7464355321.698925,493.40305387460717,22,55
shaheen_ncc_elec_rising_decoupled,2049,Yeosu,18164771.075503737,8989276419.163614,494.87419256751235,25,85
shaheen_ncc_elec_rising_decoupled,2049,Ulsan,15887202.288430937,7916694024.331559,498.3063651236125,30,85
shaheen_ncc_elec_rising_decoupled,2049,Other,189879.58174451347,146946137.16646436,773.8911989188133,3,18
shaheen_ncc_elec_rising_decoupled,2050,Daesan,15776840.347779384,7623975000.647845,483.2383945446296,22,55
shaheen_ncc_elec_rising_decoupled,2050,Yeosu,18935402.645529386,9180763131.868807,484.84647006100863,25,85
shaheen_ncc_elec_rising_decoupled,2050,Ulsan,16588756.489553513,8087831661.112615,487.5490014098277,30,85
shaheen_ncc_elec_rising_decoupled,2050,Other,203824.96475440674,150360429.7387739,737.6938831803384,3,18
shaheen_ncc_elec_flat_coupled,2025,Daesan,0.0,0.0,0.0,0,55
shaheen_ncc_elec_flat_coupled,2025,Yeosu,0.0,0.0,0.0,0,85
shaheen_ncc_elec_flat_coupled,2025,Ulsan,0.0,0.0,0.0,0,85
shaheen_ncc_elec_flat_coupled,2025,Other,0.0,0.0,0.0,0,18
shaheen_ncc_elec_flat_coupled,2026,Daesan,0.0,0.0,0.0,0,55
shaheen_ncc_elec_flat_coupled,2026,Yeosu,0.0,0.0,0.0,0,85
shaheen_ncc_elec_flat_coupled,2026,Ulsan,189787.6579064445,-57923669.58784634,-305.20251014636426,2,85
shaheen_ncc_elec_flat_coupled,2026,Other,0.0,0.0,0.0,0,18
shaheen_ncc_elec_flat_coupled,2027,Daesan,0.0,0.0,0.0,0,55
shaheen_ncc_elec_flat_coupled,2027,Yeosu,0.0,0.0,0.0,0,85
shaheen_ncc_elec_flat_coupled,2027,Ulsan,199537.3913201637,-58109141.58784634,-291.21931084389337,2,85
shaheen_ncc_elec_flat_coupled,2027,Other,0.0,0.0,0.0,0,18
shaheen_ncc_elec_flat_coupled,2028,Daesan,0.0,0.0,0.0,0,55
shaheen_ncc_elec_flat_coupled,2028,Yeosu,0.0,0.0,0.0,0,85
shaheen_ncc_elec_flat_coupled,2028,Ulsan,209287.12473388296,-58294613.58784634,-278.538938608719,2,85
shaheen_ncc_elec_flat_coupled,2028,Other,0.0,0.0,0.0,0,18
shaheen_ncc_elec_flat_coupled,2029,Daesan,136367.91775928484,1499589617.2240531,10996.64526572234,8,55
shaheen_ncc_elec_flat_coupled,2029,Yeosu,165221.27935398772,1798139266.9345047,10883.218396354256,9,85
shaheen_ncc_elec_flat_coupled,2029,Ulsan,315460.4255573732,1010979004.3630025,3204.772841400781,9,85
shaheen_ncc_elec_flat_coupled,2029,Other,0.0,0.0,0.0,0,18
shaheen_ncc_elec_flat_coupled,2030,Daesan,574027.1659597064,1495356218.824053,2605.026917713889,8,55
shaheen_ncc_elec_flat_coupled,2030,Yeosu,690927.5281053666,1793065062.1345046,2595.156494996479,9,85
shaheen_ncc_elec_flat_coupled,2030,Ulsan,636889.4676349736,1007773429.9630024,1582.3364668052527,9,85
shaheen_ncc_elec_flat_coupled,2030,Other,0.0,0.0,0.0,0,18
shaheen_ncc_elec_flat_coupled,2031,Daesan,923651.5079129153,1494121477.6240532,1617.6246829284921,8,55
shaheen_ncc_elec_flat_coupled,2031,Yeosu,1110888.2670504316,1791585085.7345047,1612.7500297499957,9,85
shaheen_ncc_elec_flat_coupled,2031,Ulsan,893663.2426279974,1006830742.7630024,1126.6332716138274,9,85
shaheen_ncc_elec_flat_coupled,2031,Other,0.0,0.0,0.0,0,18
shaheen_ncc_elec_flat_coupled,2032,Daesan,1476775.0436838493,2366659154.186048,1602.5860975293585,13,55
shaheen_ncc_elec_flat_coupled,2032,Yeosu,1800895.3295450844,2949613531.0091896,1637.8595038914768,13,85
shaheen_ncc_elec_flat_coupled,2032,Ulsan,1444273.136340453,2267543647.718552,1570.0241115500694,17,85
shaheen_ncc_elec_flat_coupled,2032,Other,0.0,0.0,0.0,0,18
shaheen_ncc_elec_flat_coupled,2033,Daesan,2029449.3550450355,2364711021.9860477,1165.1983411695298,13,55
shaheen_ncc_elec_flat_coupled,2033,Yeosu,2490306.2648609253,2947186874.6091895,1183.4636230069395,13,85
shaheen_ncc_elec_flat_coupled,2033,Ulsan,1994234.386908345,2265570882.5185523,1136.0604838585998,17,85
shaheen_ncc_elec_flat_coupled,2033,Other,0.0,0.0,0.0,0,18
shaheen_ncc_elec_flat_coupled,2034,Daesan,2582123.6664062236,2362762889.786048,915.04637075517,13,55
shaheen_ncc_elec_flat_coupled,2034,Yeosu,3179717.200176769,2944760218.2091894,926.1075853052222,13,85
shaheen_ncc_elec_flat_coupled,2034,Ulsan,2544195.63747624,2263598117.318552,889.7107140565529,17,85
shaheen_ncc_elec_flat_coupled,2034,Other,0.0,0.0,0.0,0,18
shaheen_ncc_elec_flat_coupled,2035,Daesan,3134797.97776741,2360814757.586048,753.0994897691654,13,55
shaheen_ncc_elec_flat_coupled,2035,Yeosu,3869128.13549261,2942333561.8091893,760.4642334841095,13,85
shaheen_ncc_elec_flat_coupled,2035,Ulsan,3094156.8880441315,2261625352.118552,730.9342848313563,17,85
shaheen_ncc_elec_flat_coupled,2035,Other,0.0,0.0,0.0,0,18
shaheen_ncc_elec_flat_coupled,2036,Daesan,4244122.67467224,2358866625.386048,555.7960516700227,13,55
shaheen_ncc_elec_flat_coupled,2036,Yeosu,5252909.797025849,2939906905.4091897,559.6720711011902,13,85
shaheen_ncc_elec_flat_coupled,2036,Ulsan,4198035.944939401,2259652586.918552,538.2642303581252,17,85
shaheen_ncc_elec_flat_coupled,2036,Other,0.0,0.0,0.0,0,18
shaheen_ncc_elec_flat_coupled,2037,Daesan,5357423.4457595255,2356918493.186048,439.935076450151,13,55
shaheen_ncc_elec_flat_coupled,2037,Yeosu,6641651.249460639,2937480249.0091896,442.28161622423926,13,85
shaheen_ncc_elec_flat_coupled,2037,Ulsan,5305871.557594149,2257679821.718552,425.50593191182634,17,85
shaheen_ncc_elec_flat_coupled,2037,Other,0.0,0.0,0.0,0,18
shaheen_ncc_elec_flat_coupled,2038,Daesan,6711339.974650886,2584615555.086475,385.1117012174492,22,55
shaheen_ncc_elec_flat_coupled,2038,Yeosu,8163074.198813701,3137689495.5598383,384.3759616953896,25,85
shaheen_ncc_elec_flat_coupled,2038,Ulsan,6782030.978147233,2682247746.0800214,395.4932902433864,30,85
shaheen_ncc_elec_flat_coupled,2038,Other,8888.432251826987,40925390.02818192,4604.342910952586,3,18
shaheen_ncc_elec_flat_coupled,2039,Daesan,8003764.401887909,2581965020.1364746,322.59383091379436,22,55
shaheen_ncc_elec_flat_coupled,2039,Yeosu,9698832.827650532,3134632451.7098384,323.19687403759275,25,85
shaheen_ncc_elec_flat_coupled,2039,Ulsan,8180128.278955792,2679271387.3800216,327.5341530123334,30,85
shaheen_ncc_elec_flat_coupled,2039,Other,36679.58839297148,40783388.02818192,1111.882379683323,3,18
shaheen_ncc_elec_flat_coupled,2040,Daesan,9300821.174742267,2579314485.186475,277.3211565652911,22,55
shaheen_ncc_elec_flat_coupled,2040,Yeosu,11240095.967701828,3131575407.8598385,278.60753296576405,25,85
shaheen_ncc_elec_flat_coupled,2040,Ulsan,9583236.681200942,2676295028.6800213,279.26838475460005,30,85
shaheen_ncc_elec_flat_coupled,2040,Other,64570.35441275804,40641386.02818192,629.4124664143371,3,18
shaheen_ncc_elec_flat_coupled,2041,Daesan,9944717.215552108,2576663950.236475,259.0987651420538,22,55
shaheen_ncc_elec_flat_coupled,2041,Yeosu,12005223.02651301,3128518364.0098386,260.59643849186665,25,85
shaheen_ncc_elec_flat_coupled,2041,Ulsan,10279779.780886928,2673318669.980022,260.0560252224947,30,85
shaheen_ncc_elec_flat_coupled,2041,Other,78416.12754400923,40499384.02818192,516.4675341236734,3,18
shaheen_ncc_elec_flat_coupled,2042,Daesan,10593245.601979287,2574013415.2864747,242.98628692282327,22,55
shaheen_ncc_elec_flat_coupled,2042,Yeosu,12775854.59653866,3125461320.1598387,244.63814115469148,25,85
shaheen_ncc_elec_flat_coupled,2042,Ulsan,10981333.982009502,2670342311.2800217,243.17103146619434,30,85
shaheen_ncc_elec_flat_coupled,2042,Other,92361.51055390252,40357382.02818192,436.95021645005687,3,18
shaheen_ncc_elec_flat_coupled,2043,Daesan,11241773.988406466,2571362880.336475,228.7328390508737,22,55
shaheen_ncc_elec_flat_coupled,2043,Yeosu,13546486.166564308,3122404276.3098383,230.49551285237462,25,85
shaheen_ncc_elec_flat_coupled,2043,Ulsan,11682888.183132078,2667365952.5800214,228.31391611118923,30,85
shaheen_ncc_elec_flat_coupled,2043,Other,106306.89356379582,40215380.02818192,378.29512913053253,3,18
shaheen_ncc_elec_flat_coupled,2044,Daesan,11885670.029216308,2568712345.3864746,216.1184299305207,22,55
shaheen_ncc_elec_flat_coupled,2044,Yeosu,14311613.225375488,3119347232.4598384,217.95916248833626,25,85
shaheen_ncc_elec_flat_coupled,2044,Ulsan,12379431.282818062,2664389593.8800216,215.2271403273623,30,85
shaheen_ncc_elec_flat_coupled,2044,Other,120152.666695047,40073378.02818192,333.5205046250867,3,18
shaheen_ncc_elec_flat_coupled,2045,Daesan,12534198.415643487,2566061810.436475,204.7248436113684,22,55
shaheen_ncc_elec_flat_coupled,2045,Yeosu,15082244.795401137,3116290188.6098385,206.6197857735378,25,85
shaheen_ncc_elec_flat_coupled,2045,Ulsan,13080985.483940639,2661413235.1800213,203.4566308820849,30,85
shaheen_ncc_elec_flat_coupled,2045,Other,134098.0497049403,39931376.02818192,297.77745549651206,3,18
shaheen_ncc_elec_flat_coupled,2046,Daesan,13182726.802070666,2563411275.486475,194.4522794088268,22,55
shaheen_ncc_elec_flat_coupled,2046,Yeosu,15852876.365426788,3113233144.7598386,196.38285652371735,25,85
shaheen_ncc_elec_flat_coupled,2046,Ulsan,13782539.685063211,2658436876.480022,192.88439846547988,30,85
shaheen_ncc_elec_flat_coupled,2046,Other,148043.4327148336,39789374.02818192,268.76824792914385,3,18
shaheen_ncc_elec_flat_coupled,2047,Daesan,13831255.188497843,2560760740.5364747,185.1430478027778,22,55
shaheen_ncc_elec_flat_coupled,2047,Yeosu,16623507.935452437,3110176100.9098387,187.0950531612442,25,85
shaheen_ncc_elec_flat_coupled,2047,Ulsan,14484093.886185784,2655460517.7800217,183.3363231864072,30,85
shaheen_ncc_elec_flat_coupled,2047,Other,161988.81572472685,39647372.02818192,244.75376186190567,3,18
shaheen_ncc_elec_flat_coupled,2048,Daesan,14479783.574925024,2558110205.586475,176.66771000751788,22,55
shaheen_ncc_elec_flat_coupled,2048,Yeosu,17394139.505478088,3107119057.0598383,178.63022520207375,25,85
shaheen_ncc_elec_flat_coupled,2048,Ulsan,15185648.087308362,2652484159.0800214,174.67046146663148,30,85
shaheen_ncc_elec_flat_coupled,2048,Other,175934.19873462015,39505370.02818192,224.5462810091401,3,18
shaheen_ncc_elec_flat_coupled,2049,Daesan,15128311.961352203,2555459670.6364746,168.91902263549449,22,55
shaheen_ncc_elec_flat_coupled,2049,Yeosu,18164771.075503737,3104062013.2098384,170.88362965365684,25,85
shaheen_ncc_elec_flat_coupled,2049,Ulsan,15887202.288430937,2649507800.3800216,166.76994176057,30,85
shaheen_ncc_elec_flat_coupled,2049,Other,189879.58174451347,39363368.02818192,207.30700829721684,3,18
shaheen_ncc_elec_flat_coupled,2050,Daesan,15776840.347779384,2552809135.686475,161.80737583782337,22,55
shaheen_ncc_elec_flat_coupled,2050,Yeosu,18935402.645529386,3101004969.3598385,163.76757481267398,25,85
shaheen_ncc_elec_flat_coupled,2050,Ulsan,16588756.489553513,2646531441.6800213,159.53766295542582,30,85
shaheen_ncc_elec_flat_coupled,2050,Other,203824.96475440674,39221366.02818192,192.42670335030166,3,18
shaheen_ncc_elec_flat_decoupled,2025,Daesan,0.0,0.0,0.0,0,55
shaheen_ncc_elec_flat_decoupled,2025,Yeosu,0.0,0.0,0.0,0,85
shaheen_ncc_elec_flat_decoupled,2025,Ulsan,0.0,0.0,0.0,0,85
shaheen_ncc_elec_flat_decoupled,2025,Other,0.0,0.0,0.0,0,18
shaheen_ncc_elec_flat_decoupled,2026,Daesan,0.0,0.0,0.0,0,55
shaheen_ncc_elec_flat_decoupled,2026,Yeosu,0.0,0.0,0.0,0,85
shaheen_ncc_elec_flat_decoupled,2026,Ulsan,189787.6579064445,-57923669.58784634,-305.20251014636426,2,85
shaheen_ncc_elec_flat_decoupled,2026,Other,0.0,0.0,0.0,0,18
shaheen_ncc_elec_flat_decoupled,2027,Daesan,0.0,0.0,0.0,0,55
shaheen_ncc_elec_flat_decoupled,2027,Yeosu,0.0,0.0,0.0,0,85
shaheen_ncc_elec_flat_decoupled,2027,Ulsan,199537.3913201637,-58109141.58784634,-291.21931084389337,2,85
shaheen_ncc_elec_flat_decoupled,2027,Other,0.0,0.0,0.0,0,18
shaheen_ncc_elec_flat_decoupled,2028,Daesan,0.0,0.0,0.0,0,55
shaheen_ncc_elec_flat_decoupled,2028,Yeosu,0.0,0.0,0.0,0,85
shaheen_ncc_elec_flat_decoupled,2028,Ulsan,209287.12473388296,-58294613.58784634,-278.538938608719,2,85
shaheen_ncc_elec_flat_decoupled,2028,Other,0.0,0.0,0.0,0,18
shaheen_ncc_elec_flat_decoupled,2029,Daesan,136367.91775928484,1499589617.2240531,10996.64526572234,8,55
shaheen_ncc_elec_flat_decoupled,2029,Yeosu,165221.27935398772,1798139266.9345047,10883.218396354256,9,85
shaheen_ncc_elec_flat_decoupled,2029,Ulsan,315460.4255573732,1010979004.3630025,3204.772841400781,9,85
shaheen_ncc_elec_flat_decoupled,2029,Other,0.0,0.0,0.0,0,18
shaheen_ncc_elec_flat_decoupled,2030,Daesan,574027.1659597064,1495356218.824053,2605.026917713889,8,55
shaheen_ncc_elec_flat_decoupled,2030,Yeosu,690927.5281053666,1793065062.1345046,2595.156494996479,9,85
shaheen_ncc_elec_flat_decoupled,2030,Ulsan,636889.4676349736,1007773429.9630024,1582.3364668052527,9,85
shaheen_ncc_elec_flat_decoupled,2030,Other,0.0,0.0,0.0,0,18
shaheen_ncc_elec_flat_decoupled,2031,Daesan,923651.5079129153,1494121477.6240532,1617.6246829284921,8,55
shaheen_ncc_elec_flat_decoupled,2031,Yeosu,1110888.2670504316,1791585085.7345047,1612.7500297499957,9,85
shaheen_ncc_elec_flat_decoupled,2031,Ulsan,893663.2426279974,1006830742.7630024,1126.6332716138274,9,85
shaheen_ncc_elec_flat_decoupled,2031,Other,0.0,0.0,0.0,0,18
shaheen_ncc_elec_flat_decoupled,2032,Daesan,1476775.0436838493,2366659154.186048,1602.5860975293585,13,55
shaheen_ncc_elec_flat_decoupled,2032,Yeosu,1800895.3295450844,2949613531.0091896,1637.8595038914768,13,85
shaheen_ncc_elec_flat_decoupled,2032,Ulsan,1444273.136340453,2267543647.718552,1570.0241115500694,17,85
shaheen_ncc_elec_flat_decoupled,2032,Other,0.0,0.0,0.0,0,18
shaheen_ncc_elec_flat_decoupled,2033,Daesan,2029449.3550450355,2364711021.9860477,1165.1983411695298,13,55
shaheen_ncc_elec_flat_decoupled,2033,Yeosu,2490306.2648609253,2947186874.6091895,1183.4636230069395,13,85
shaheen_ncc_elec_flat_decoupled,2033,Ulsan,1994234.386908345,2265570882.5185523,1136.0604838585998,17,85
shaheen_ncc_elec_flat_decoupled,2033,Other,0.0,0.0,0.0,0,18
shaheen_ncc_elec_flat_decoupled,2034,Daesan,2582123.6664062236,2362762889.786048,915.04637075517,13,55
shaheen_ncc_elec_flat_decoupled,2034,Yeosu,3179717.200176769,2944760218.2091894,926.1075853052222,13,85
shaheen_ncc_elec_flat_decoupled,2034,Ulsan,2544195.63747624,2263598117.318552,889.7107140565529,17,85
shaheen_ncc_elec_flat_decoupled,2034,Other,0.0,0.0,0.0,0,18
shaheen_ncc_elec_flat_decoupled,2035,Daesan,3134797.97776741,2360814757.586048,753.0994897691654,13,55
shaheen_ncc_elec_flat_decoupled,2035,Yeosu,3869128.13549261,2942333561.8091893,760.4642334841095,13,85
shaheen_ncc_elec_flat_decoupled,2035,Ulsan,3094156.8880441315,2261625352.118552,730.9342848313563,17,85
shaheen_ncc_elec_flat_decoupled,2035,Other,0.0,0.0,0.0,0,18
shaheen_ncc_elec_flat_decoupled,2036,Daesan,4244122.67467224,2358866625.386048,555.7960516700227,13,55
shaheen_ncc_elec_flat_decoupled,2036,Yeosu,5252909.797025849,2939906905.4091897,559.6720711011902,13,85
shaheen_ncc_elec_flat_decoupled,2036,Ulsan,4198035.944939401,2259652586.918552,538.2642303581252,17,85
shaheen_ncc_elec_flat_decoupled,2036,Other,0.0,0.0,0.0,0,18
shaheen_ncc_elec_flat_decoupled,2037,Daesan,5357423.4457595255,2356918493.186048,439.935076450151,13,55
shaheen_ncc_elec_flat_decoupled,2037,Yeosu,6641651.249460639,2937480249.0091896,442.28161622423926,13,85
shaheen_ncc_elec_flat_decoupled,2037,Ulsan,5305871.557594149,2257679821.718552,425.50593191182634,17,85
shaheen_ncc_elec_flat_decoupled,2037,Other,0.0,0.0,0.0,0,18
shaheen_ncc_elec_flat_decoupled,2038,Daesan,6711339.974650886,2584615555.086475,385.1117012174492,22,55
shaheen_ncc_elec_flat_decoupled,2038,Yeosu,8163074.198813701,3137689495.5598383,384.3759616953896,25,85
shaheen_ncc_elec_flat_decoupled,2038,Ulsan,6782030.978147233,2682247746.0800214,395.4932902433864,30,85
shaheen_ncc_elec_flat_decoupled,2038,Other,8888.432251826987,40925390.02818192,4604.342910952586,3,18
shaheen_ncc_elec_flat_decoupled,2039,Daesan,8003764.401887909,2581965020.1364746,322.59383091379436,22,55
shaheen_ncc_elec_flat_decoupled,2039,Yeosu,9698832.827650532,3134632451.7098384,323.19687403759275,25,85
shaheen_ncc_elec_flat_decoupled,2039,Ulsan,8180128.278955792,2679271387.3800216,327.5341530123334,30,85
shaheen_ncc_elec_flat_decoupled,2039,Other,36679.58839297148,40783388.02818192,1111.882379683323,3,18
shaheen_ncc_elec_flat_decoupled,2040,Daesan,9300821.174742267,2579314485.186475,277.3211565652911,22,55
shaheen_ncc_elec_flat_decoupled,2040,Yeosu,11240095.967701828,3131575407.8598385,278.60753296576405,25,85
shaheen_ncc_elec_flat_decoupled,2040,Ulsan,9583236.681200942,2676295028.6800213,279.26838475460005,30,85
shaheen_ncc_elec_flat_decoupled,2040,Other,64570.35441275804,40641386.02818192,629.4124664143371,3,18
shaheen_ncc_elec_flat_decoupled,2041,Daesan,9944717.215552108,2576663950.236475,259.0987651420538,22,55
shaheen_ncc_elec_flat_decoupled,2041,Yeosu,12005223.02651301,3128518364.0098386,260.59643849186665,25,85
shaheen_ncc_elec_flat_decoupled,2041,Ulsan,10279779.780886928,2673318669.980022,260.0560252224947,30,85
shaheen_ncc_elec_flat_decoupled,2041,Other,78416.12754400923,40499384.02818192,516.4675341236734,3,18
shaheen_ncc_elec_flat_decoupled,2042,Daesan,10593245.601979287,2574013415.2864747,242.98628692282327,22,55
shaheen_ncc_elec_flat_decoupled,2042,Yeosu,12775854.59653866,3125461320.1598387,244.63814115469148,25,85
shaheen_ncc_elec_flat_decoupled,2042,Ulsan,10981333.982009502,2670342311.2800217,243.17103146619434,30,85
shaheen_ncc_elec_flat_decoupled,2042,Other,92361.51055390252,40357382.02818192,436.95021645005687,3,18
shaheen_ncc_elec_flat_decoupled,2043,Daesan,11241773.988406466,2571362880.336475,228.7328390508737,22,55
shaheen_ncc_elec_flat_decoupled,2043,Yeosu,13546486.166564308,3122404276.3098383,230.49551285237462,25,85
shaheen_ncc_elec_flat_decoupled,2043,Ulsan,11682888.183132078,2667365952.5800214,228.31391611118923,30,85
shaheen_ncc_elec_flat_decoupled,2043,Other,106306.89356379582,40215380.02818192,378.29512913053253,3,18
shaheen_ncc_elec_flat_decoupled,2044,Daesan,11885670.029216308,2568712345.3864746,216.1184299305207,22,55
shaheen_ncc_elec_flat_decoupled,2044,Yeosu,14311613.225375488,3119347232.4598384,217.95916248833626,25,85
shaheen_ncc_elec_flat_decoupled,2044,Ulsan,12379431.282818062,2664389593.8800216,215.2271403273623,30,85
shaheen_ncc_elec_flat_decoupled,2044,Other,120152.666695047,40073378.02818192,333.5205046250867,3,18
shaheen_ncc_elec_flat_decoupled,2045,Daesan,12534198.415643487,2566061810.436475,204.7248436113684,22,55
shaheen_ncc_elec_flat_decoupled,2045,Yeosu,15082244.795401137,3116290188.6098385,206.6197857735378,25,85
shaheen_ncc_elec_flat_decoupled,2045,Ulsan,13080985.483940639,2661413235.1800213,203.4566308820849,30,85
shaheen_ncc_elec_flat_decoupled,2045,Other,134098.0497049403,39931376.02818192,297.77745549651206,3,18
shaheen_ncc_elec_flat_decoupled,2046,Daesan,13182726.802070666,2563411275.486475,194.4522794088268,22,55
shaheen_ncc_elec_flat_decoupled,2046,Yeosu,15852876.365426788,3113233144.7598386,196.38285652371735,25,85
shaheen_ncc_elec_flat_decoupled,2046,Ulsan,13782539.685063211,2658436876.480022,192.88439846547988,30,85
shaheen_ncc_elec_flat_decoupled,2046,Other,148043.4327148336,39789374.02818192,268.76824792914385,3,18
shaheen_ncc_elec_flat_decoupled,2047,Daesan,13831255.188497843,2560760740.5364747,185.1430478027778,22,55
shaheen_ncc_elec_flat_decoupled,2047,Yeosu,16623507.935452437,3110176100.9098387,187.0950531612442,25,85
shaheen_ncc_elec_flat_decoupled,2047,Ulsan,14484093.886185784,2655460517.7800217,183.3363231864072,30,85
shaheen_ncc_elec_flat_decoupled,2047,Other,161988.81572472685,39647372.02818192,244.75376186190567,3,18
shaheen_ncc_elec_flat_decoupled,2048,Daesan,14479783.574925024,2558110205.586475,176.66771000751788,22,55
shaheen_ncc_elec_flat_decoupled,2048,Yeosu,17394139.505478088,3107119057.0598383,178.63022520207375,25,85
shaheen_ncc_elec_flat_decoupled,2048,Ulsan,15185648.087308362,2652484159.0800214,174.67046146663148,30,85
shaheen_ncc_elec_flat_decoupled,2048,Other,175934.19873462015,39505370.02818192,224.5462810091401,3,18
shaheen_ncc_elec_flat_decoupled,2049,Daesan,15128311.961352203,2555459670.6364746,168.91902263549449,22,55
shaheen_ncc_elec_flat_decoupled,2049,Yeosu,18164771.075503737,3104062013.2098384,170.88362965365684,25,85
shaheen_ncc_elec_flat_decoupled,2049,Ulsan,15887202.288430937,2649507800.3800216,166.76994176057,30,85
shaheen_ncc_elec_flat_decoupled,2049,Other,189879.58174451347,39363368.02818192,207.30700829721684,3,18
shaheen_ncc_elec_flat_decoupled,2050,Daesan,15776840.347779384,2552809135.686475,161.80737583782337,22,55
shaheen_ncc_elec_flat_decoupled,2050,Yeosu,18935402.645529386,3101004969.3598385,163.76757481267398,25,85
shaheen_ncc_elec_flat_decoupled,2050,Ulsan,16588756.489553513,2646531441.6800213,159.53766295542582,30,85
shaheen_ncc_elec_flat_decoupled,2050,Other,203824.96475440674,39221366.02818192,192.42670335030166,3,18
